id,first_name,last_name,email,gender,ip_address,birth_date
1,Edgard,Stuck,estuck0@businessinsider.com,Male,135.44.194.131,6/20/2022
2,Claretta,Orto,corto1@github.com,Female,36.167.75.82,7/18/2022
3,Taddeusz,Snoxill,tsnoxill2@deliciousdays.com,Male,60.23.179.148,12/19/2022
4,Chevy,Allcroft,callcroft3@pinterest.com,Male,30.116.50.250,2/12/2023
5,Errick,Joule,ejoule4@yahoo.com,Male,120.89.208.81,2/16/2023
6,Mill,Lebourn,mlebourn5@google.es,Male,164.82.249.180,2/18/2023
7,Gavin,Petrecz,gpetrecz6@desdev.cn,Male,86.46.105.36,12/22/2022
8,Kellie,Baile,kbaile7@princeton.edu,Female,10.131.72.36,7/8/2022
9,Avigdor,Billison,abillison8@taobao.com,Male,201.137.3.103,10/10/2022
10,Davon,Wingrove,dwingrove9@bbb.org,Male,117.197.254.100,7/6/2022
11,Loydie,Dorrington,ldorringtona@desdev.cn,Male,161.13.79.37,10/13/2022
12,Lizabeth,Borgnet,lborgnetb@merriam-webster.com,Female,200.40.104.162,7/9/2022
13,Alexandra,Guilloton,aguillotonc@go.com,Female,240.125.137.69,4/26/2023
14,Rene,Raikes,rraikesd@businesswire.com,Male,205.235.148.168,11/18/2022
15,Webster,Eskrick,weskricke@flavors.me,Male,220.63.160.221,2/2/2023
16,Merv,Tremaine,mtremainef@wikimedia.org,Male,42.106.121.130,6/20/2022
17,Meghan,Cheshire,mcheshireg@dropbox.com,Female,149.244.142.218,4/15/2023
18,Mordecai,Janous,mjanoush@europa.eu,Male,1.181.169.139,10/3/2022
19,Lilllie,Grob,lgrobi@cdbaby.com,Female,90.204.128.134,12/10/2022
20,Brad,De la Yglesia,bdelayglesiaj@geocities.com,Male,223.44.229.228,8/30/2022
21,Nelia,Trowell,ntrowellk@zimbio.com,Female,125.119.100.41,3/13/2023
22,Amie,Felstead,afelsteadl@slate.com,Female,183.67.159.14,12/6/2022
23,Ingra,Clutterham,iclutterhamm@networkadvertising.org,Male,40.111.30.120,12/9/2022
24,Odie,Sprigings,osprigingsn@4shared.com,Male,74.6.43.188,12/20/2022
25,Gayler,Bourcq,gbourcqo@ca.gov,Male,145.180.51.56,6/18/2022
26,Brice,Lethbury,blethburyp@microsoft.com,Male,101.171.214.19,12/17/2022
27,Wendell,Mallindine,wmallindineq@nifty.com,Male,22.128.195.176,12/2/2022
28,Zenia,Head,zheadr@php.net,Female,35.199.224.195,1/15/2023
29,Bev,Edmead,bedmeads@privacy.gov.au,Male,221.112.19.122,1/27/2023
30,Ashlan,McCurrie,amccurriet@acquirethisname.com,Female,37.169.70.79,11/2/2022
31,Gradey,Lampens,glampensu@buzzfeed.com,Male,55.25.165.140,2/3/2023
32,Ingmar,Cheesman,icheesmanv@nationalgeographic.com,Male,133.154.158.162,2/18/2023
33,Karoline,Tieraney,ktieraneyw@miibeian.gov.cn,Female,60.95.7.120,2/7/2023
34,Winny,Marwick,wmarwickx@cnet.com,Male,184.185.98.106,9/24/2022
35,Bradford,Blight,bblighty@merriam-webster.com,Genderqueer,242.186.144.224,7/29/2022
36,Arlinda,Kite,akitez@drupal.org,Female,38.115.124.87,8/15/2022
37,Pincus,Marcroft,pmarcroft10@sohu.com,Male,138.88.92.117,6/10/2022
38,Trev,Eckersall,teckersall11@discuz.net,Male,78.45.237.168,1/18/2023
39,Salomi,Dragon,sdragon12@skyrock.com,Female,40.10.252.27,7/15/2022
40,Dominik,O Mullen,domullen13@123-reg.co.uk,Male,222.47.36.222,1/8/2023
41,Angel,Duligal,aduligal14@mashable.com,Female,30.95.32.169,4/30/2023
42,Thor,Blizard,tblizard15@blogtalkradio.com,Male,42.227.243.145,4/17/2023
43,Boigie,Bendik,bbendik16@blinklist.com,Male,170.205.214.227,3/31/2023
44,Lindy,Clemits,lclemits17@sbwire.com,Female,217.196.190.104,5/18/2023
45,Jeane,Clamp,jclamp18@guardian.co.uk,Genderfluid,165.169.179.59,11/9/2022
46,Lorita,La Padula,llapadula19@globo.com,Female,232.65.227.90,1/21/2023
47,Rosetta,Romanet,rromanet1a@mayoclinic.com,Female,219.60.203.251,7/15/2022
48,Mahalia,Dive,mdive1b@cnn.com,Female,7.113.87.229,3/28/2023
49,Brita,Dunklee,bdunklee1c@topsy.com,Female,23.87.202.67,11/26/2022
50,Chickie,Partrick,cpartrick1d@cam.ac.uk,Female,131.21.155.5,6/26/2022
51,Pavel,Henbury,phenbury1e@opensource.org,Male,48.75.146.129,12/29/2022
52,Tawnya,Malin,tmalin1f@jiathis.com,Female,205.87.97.184,5/6/2023
53,Lizabeth,Cornish,lcornish1g@geocities.jp,Female,111.62.174.193,6/1/2023
54,Krystyna,Henworth,khenworth1h@facebook.com,Genderqueer,80.125.61.45,10/9/2022
55,Sarita,Americi,samerici1i@alexa.com,Female,159.77.59.152,12/3/2022
56,Porty,Lappin,plappin1j@cafepress.com,Male,24.54.222.241,11/20/2022
57,Nanete,Rehorek,nrehorek1k@sitemeter.com,Female,222.242.52.241,9/4/2022
58,Sheila-kathryn,Quernel,squernel1l@mapquest.com,Female,13.190.105.93,8/21/2022
59,Josephine,McClory,jmcclory1m@whitehouse.gov,Female,136.208.39.187,6/10/2022
60,Risa,Boutellier,rboutellier1n@wiley.com,Female,12.217.26.154,9/4/2022
61,Stanislas,Thornewill,sthornewill1o@unblog.fr,Male,206.83.162.83,8/26/2022
62,Sterling,Hildrew,shildrew1p@uiuc.edu,Male,97.76.219.54,11/1/2022
63,Mead,Stansby,mstansby1q@oakley.com,Female,155.201.76.185,10/4/2022
64,Skip,Pepper,spepper1r@whitehouse.gov,Male,18.7.158.167,3/8/2023
65,Terrijo,Lardeur,tlardeur1s@symantec.com,Genderfluid,77.195.107.131,8/6/2022
66,Marleah,Rogerot,mrogerot1t@canalblog.com,Female,27.221.224.148,5/10/2023
67,Olympia,Deane,odeane1u@who.int,Female,24.27.22.40,10/26/2022
68,Janaya,Reymers,jreymers1v@google.ca,Female,45.33.51.58,3/5/2023
69,Bern,Lalevee,blalevee1w@miibeian.gov.cn,Male,80.247.60.16,8/31/2022
70,Amaleta,Finci,afinci1x@unc.edu,Female,135.56.36.12,5/24/2023
71,Niven,Muffett,nmuffett1y@t.co,Male,164.4.169.85,2/2/2023
72,Torey,Chopy,tchopy1z@nifty.com,Male,194.223.123.25,3/26/2023
73,Tatiana,Jedrzejewski,tjedrzejewski20@aboutads.info,Female,141.115.61.248,9/19/2022
74,Caye,Mattis,cmattis21@wikia.com,Female,201.59.70.227,11/23/2022
75,Yasmeen,McGroarty,ymcgroarty22@accuweather.com,Female,50.58.145.0,9/11/2022
76,Clemmie,Pinckney,cpinckney23@amazon.com,Genderqueer,48.8.206.243,6/23/2022
77,Andree,Jesson,ajesson24@europa.eu,Female,6.62.220.121,10/30/2022
78,Aggi,Kilkenny,akilkenny25@scientificamerican.com,Female,12.89.47.132,2/13/2023
79,Dorris,Franzelini,dfranzelini26@bigcartel.com,Female,236.189.220.86,3/30/2023
80,Killie,Haycox,khaycox27@vimeo.com,Genderfluid,218.196.65.108,10/16/2022
81,Jayme,Macartney,jmacartney28@theatlantic.com,Male,237.227.93.74,6/27/2022
82,Sidnee,Bentje,sbentje29@europa.eu,Male,132.79.21.134,4/20/2023
83,Miguela,Schurig,mschurig2a@liveinternet.ru,Female,14.100.2.179,5/17/2023
84,Duff,Fibbens,dfibbens2b@icq.com,Genderqueer,33.232.108.123,10/28/2022
85,Dorri,Windle,dwindle2c@goo.gl,Female,140.159.83.182,10/16/2022
86,Hannis,Cumming,hcumming2d@soundcloud.com,Female,203.70.158.9,2/9/2023
87,Ozzy,Goadsby,ogoadsby2e@skyrock.com,Male,19.115.247.191,4/29/2023
88,Sylas,Riccione,sriccione2f@jimdo.com,Male,145.219.93.127,11/11/2022
89,Libbey,Camidge,lcamidge2g@foxnews.com,Female,85.26.224.234,7/7/2022
90,Gabriella,Chennells,gchennells2h@omniture.com,Female,39.81.87.29,7/24/2022
91,Rutter,Crosfield,rcrosfield2i@deviantart.com,Male,183.58.122.229,3/4/2023
92,Shawn,Hyrons,shyrons2j@narod.ru,Male,115.194.252.42,2/1/2023
93,Denny,Trethewey,dtrethewey2k@cbslocal.com,Female,35.77.206.137,8/31/2022
94,Lila,Dederick,ldederick2l@sohu.com,Female,60.19.129.123,5/14/2023
95,Midge,Yielding,myielding2m@ezinearticles.com,Female,48.130.177.174,4/18/2023
96,Errol,Schukraft,eschukraft2n@paginegialle.it,Male,54.1.185.162,8/29/2022
97,Sarine,Verdun,sverdun2o@edublogs.org,Female,80.241.250.251,3/7/2023
98,Brittney,Haacker,bhaacker2p@netvibes.com,Female,151.5.111.74,7/18/2022
99,Hermon,Walenta,hwalenta2q@bbb.org,Male,169.93.88.27,12/25/2022
100,Selena,Bassham,sbassham2r@squarespace.com,Female,66.3.39.160,10/27/2022
101,Jeana,Maas,jmaas2s@rediff.com,Female,81.113.95.50,7/10/2022
102,Melvin,Winspare,mwinspare2t@prweb.com,Male,177.179.173.166,6/29/2022
103,Dareen,Leah,dleah2u@symantec.com,Female,102.176.99.192,3/12/2023
104,Julio,Weston,jweston2v@privacy.gov.au,Male,148.119.82.242,6/1/2023
105,Glenn,Braffington,gbraffington2w@free.fr,Female,113.80.117.242,9/5/2022
106,Brose,Altimas,baltimas2x@weibo.com,Male,143.100.160.45,11/7/2022
107,Gordan,Henryson,ghenryson2y@pinterest.com,Male,139.232.53.103,7/28/2022
108,Kerwin,Pasby,kpasby2z@etsy.com,Male,109.181.67.39,3/1/2023
109,Horatia,Lawes,hlawes30@wikimedia.org,Agender,85.121.185.194,7/22/2022
110,Janis,Morfield,jmorfield31@themeforest.net,Female,215.233.209.83,5/31/2023
111,Stoddard,Alderwick,salderwick32@furl.net,Genderfluid,4.252.249.220,4/29/2023
112,Mercie,De Vile,mdevile33@example.com,Female,71.8.53.146,8/2/2022
113,Joelle,Windsor,jwindsor34@wix.com,Female,185.207.29.217,7/15/2022
114,Herminia,Jiggins,hjiggins35@tuttocitta.it,Female,120.92.18.58,8/27/2022
115,Gert,Creane,gcreane36@ftc.gov,Female,34.187.103.51,8/5/2022
116,Alonso,Beckham,abeckham37@blog.com,Male,144.121.236.83,12/21/2022
117,Helge,McClelland,hmcclelland38@redcross.org,Female,18.246.3.79,7/13/2022
118,Bond,Clericoates,bclericoates39@admin.ch,Male,148.251.14.208,12/29/2022
119,Adolpho,D'Aulby,adaulby3a@issuu.com,Male,100.155.203.219,1/13/2023
120,Alistair,Olexa,aolexa3b@github.com,Male,67.68.189.58,7/12/2022
121,Nanine,Gyver,ngyver3c@businessweek.com,Female,12.133.28.244,4/14/2023
122,Lloyd,Thirkettle,lthirkettle3d@about.com,Male,39.134.155.133,8/9/2022
123,Alfie,Gartell,agartell3e@github.com,Female,160.167.42.51,2/15/2023
124,Gaspard,Antonoyev,gantonoyev3f@sun.com,Male,164.192.147.217,10/26/2022
125,Andrei,Yukhnov,ayukhnov3g@g.co,Female,31.92.114.239,3/18/2023
126,Carita,McGuinness,cmcguinness3h@free.fr,Female,7.142.184.7,12/9/2022
127,Jonie,Borlease,jborlease3i@cbc.ca,Female,36.59.168.24,7/23/2022
128,Rosella,Moxted,rmoxted3j@soundcloud.com,Female,183.73.242.74,5/27/2023
129,Frederich,Bonass,fbonass3k@mit.edu,Male,71.84.202.245,9/26/2022
130,Sheelagh,Allsop,sallsop3l@usgs.gov,Female,18.44.127.137,8/5/2022
131,Peria,Allone,pallone3m@blogtalkradio.com,Female,229.208.170.36,3/26/2023
132,Joshua,Arton,jarton3n@theguardian.com,Male,227.92.234.208,4/2/2023
133,Frannie,Sumsion,fsumsion3o@wordpress.org,Female,223.176.101.254,4/5/2023
134,Andrea,Beaston,abeaston3p@narod.ru,Female,234.20.154.202,2/27/2023
135,Jeniffer,Floweth,jfloweth3q@behance.net,Agender,101.9.246.229,7/28/2022
136,Nathalie,Izzard,nizzard3r@cocolog-nifty.com,Female,90.24.242.116,5/23/2023
137,Luce,Ettles,lettles3s@ocn.ne.jp,Female,182.13.56.114,8/17/2022
138,Irvine,Braganca,ibraganca3t@noaa.gov,Male,244.149.164.81,9/29/2022
139,Pepe,Chezier,pchezier3u@bluehost.com,Male,86.248.12.106,8/17/2022
140,Dennie,Petrolli,dpetrolli3v@bbc.co.uk,Female,26.84.159.82,1/3/2023
141,Bale,Graben,bgraben3w@eepurl.com,Male,199.144.108.150,3/13/2023
142,Frankie,Tenny,ftenny3x@jalbum.net,Female,85.42.12.7,8/19/2022
143,Korry,Kiessel,kkiessel3y@arstechnica.com,Genderqueer,232.221.218.231,5/3/2023
144,Roz,Strognell,rstrognell3z@example.com,Female,72.185.169.188,9/21/2022
145,Rafaelia,Daughtrey,rdaughtrey40@ustream.tv,Female,89.93.165.220,9/2/2022
146,Theo,Clausen,tclausen41@illinois.edu,Male,134.114.48.157,12/8/2022
147,Delilah,Islep,dislep42@friendfeed.com,Female,137.105.15.7,11/2/2022
148,Rollo,Pallas,rpallas43@amazonaws.com,Male,72.211.144.193,8/26/2022
149,Gibby,Putley,gputley44@vistaprint.com,Male,5.10.143.17,1/5/2023
150,Roseanna,Lemmens,rlemmens45@si.edu,Female,14.46.64.90,12/24/2022
151,Hermine,Belmont,hbelmont46@msu.edu,Female,235.75.210.42,12/30/2022
152,Elsworth,Culcheth,eculcheth47@ezinearticles.com,Male,70.126.79.44,4/17/2023
153,Robinet,Inworth,rinworth48@dell.com,Male,180.246.253.241,11/17/2022
154,Elsy,Schimek,eschimek49@de.vu,Female,165.16.222.146,8/6/2022
155,Jammie,Dillingston,jdillingston4a@youtube.com,Female,219.198.133.60,6/29/2022
156,Morry,Kinzel,mkinzel4b@constantcontact.com,Male,183.96.239.14,2/6/2023
157,Sapphire,Kearney,skearney4c@facebook.com,Female,14.62.88.92,3/18/2023
158,Johnny,Gorusso,jgorusso4d@wufoo.com,Male,120.33.110.254,8/13/2022
159,Kendrick,Pook,kpook4e@cloudflare.com,Male,25.34.8.29,7/28/2022
160,Rafa,Tomkins,rtomkins4f@alexa.com,Female,122.130.12.28,1/1/2023
161,Sheelagh,Burnhams,sburnhams4g@npr.org,Female,12.102.11.211,3/14/2023
162,Sioux,Tookey,stookey4h@scribd.com,Female,94.128.126.245,7/2/2022
163,Marlee,Barta,mbarta4i@reverbnation.com,Female,85.212.237.252,2/3/2023
164,Sharyl,Tench,stench4j@globo.com,Female,174.106.26.219,8/31/2022
165,Arlinda,Lavender,alavender4k@apache.org,Female,37.215.239.158,7/10/2022
166,Erinn,Giovanardi,egiovanardi4l@amazon.co.uk,Female,194.1.50.186,12/30/2022
167,Gene,Denver,gdenver4m@huffingtonpost.com,Female,192.82.219.171,9/4/2022
168,Paten,Reed,preed4n@google.es,Male,45.88.139.102,12/12/2022
169,Gan,Owbridge,gowbridge4o@chicagotribune.com,Male,250.133.150.87,5/28/2023
170,Silvio,Lorens,slorens4p@businessinsider.com,Male,182.245.202.29,10/5/2022
171,Sidonnie,Levens,slevens4q@nydailynews.com,Female,174.185.246.227,12/9/2022
172,Blayne,Hospital,bhospital4r@cyberchimps.com,Male,40.117.12.249,10/6/2022
173,Melisandra,Gateshill,mgateshill4s@scientificamerican.com,Female,216.108.224.176,9/17/2022
174,Fee,Pollie,fpollie4t@prnewswire.com,Male,234.112.188.167,4/25/2023
175,Abra,Witherow,awitherow4u@ameblo.jp,Female,23.217.129.64,11/25/2022
176,Corbet,Waber,cwaber4v@miitbeian.gov.cn,Male,106.194.67.143,4/5/2023
177,Annabal,Raithby,araithby4w@gmpg.org,Genderfluid,31.58.11.236,4/10/2023
178,Maura,Shawel,mshawel4x@plala.or.jp,Non-binary,159.136.211.254,1/16/2023
179,Rochelle,Scouller,rscouller4y@vinaora.com,Female,232.126.214.138,1/3/2023
180,Caprice,Downs,cdowns4z@creativecommons.org,Female,52.76.245.191,9/14/2022
181,Lilly,O'Shesnan,loshesnan50@webeden.co.uk,Female,9.170.127.116,4/25/2023
182,Jannel,Saggers,jsaggers51@mac.com,Female,31.0.126.49,2/20/2023
183,Justina,Lacrouts,jlacrouts52@bloglines.com,Bigender,131.232.220.186,4/8/2023
184,Rafaela,Belsey,rbelsey53@ameblo.jp,Female,15.235.128.202,1/24/2023
185,Bondy,Floyed,bfloyed54@cam.ac.uk,Male,0.254.0.118,10/19/2022
186,Blanche,Jiricka,bjiricka55@stanford.edu,Female,113.244.152.134,5/10/2023
187,Dunstan,Harrowell,dharrowell56@godaddy.com,Non-binary,15.160.227.120,6/30/2022
188,Gilda,Bartot,gbartot57@51.la,Female,163.199.198.169,11/25/2022
189,Dallas,Blasik,dblasik58@blogspot.com,Female,8.94.189.119,1/7/2023
190,Vinny,Dehmel,vdehmel59@auda.org.au,Female,59.207.52.186,1/23/2023
191,Kelcie,Behning,kbehning5a@squarespace.com,Female,39.19.232.90,1/16/2023
192,Solomon,Learman,slearman5b@weibo.com,Male,237.136.76.10,1/13/2023
193,Theodora,Yearnes,tyearnes5c@economist.com,Female,156.252.25.24,12/10/2022
194,Sansone,Shipston,sshipston5d@mac.com,Male,16.32.138.224,11/16/2022
195,Barth,Ramsier,bramsier5e@harvard.edu,Male,12.16.133.109,4/27/2023
196,Wainwright,Dumphry,wdumphry5f@mlb.com,Male,18.220.194.164,8/24/2022
197,Kyla,Caze,kcaze5g@printfriendly.com,Female,110.161.144.122,1/26/2023
198,Debbi,Gookey,dgookey5h@domainmarket.com,Non-binary,147.193.141.77,9/18/2022
199,Konrad,Ebdin,kebdin5i@hp.com,Agender,95.192.114.9,9/23/2022
200,Steven,Ruddle,sruddle5j@telegraph.co.uk,Male,219.11.124.32,11/25/2022
201,Darbee,Tansey,dtansey5k@hubpages.com,Male,18.160.71.215,12/25/2022
202,Grata,Nuemann,gnuemann5l@independent.co.uk,Female,51.55.78.239,8/18/2022
203,Arlena,Gregorio,agregorio5m@clickbank.net,Female,48.152.185.56,8/3/2022
204,Gery,Waddup,gwaddup5n@feedburner.com,Male,95.87.86.144,9/4/2022
205,Monte,Jenks,mjenks5o@state.tx.us,Male,208.97.56.135,12/5/2022
206,Maury,Radcliffe,mradcliffe5p@chicagotribune.com,Male,255.47.243.40,4/16/2023
207,Cristy,Mosedale,cmosedale5q@digg.com,Female,15.216.52.160,6/7/2023
208,Ursuline,Frances,ufrances5r@yale.edu,Female,49.48.21.209,6/17/2022
209,Ezra,Tolomei,etolomei5s@youtu.be,Male,210.182.46.25,1/2/2023
210,Merrilee,Normanvell,mnormanvell5t@furl.net,Female,36.202.14.174,9/13/2022
211,Marietta,Plunkett,mplunkett5u@usgs.gov,Female,3.4.176.137,1/23/2023
212,Wait,Molder,wmolder5v@craigslist.org,Male,139.19.175.162,4/4/2023
213,Sheila,Garretts,sgarretts5w@statcounter.com,Female,88.106.191.16,11/1/2022
214,Sheena,Yurshev,syurshev5x@artisteer.com,Female,123.26.150.100,8/8/2022
215,Shellysheldon,Crowest,scrowest5y@spotify.com,Male,169.68.86.93,9/15/2022
216,Fin,Morpeth,fmorpeth5z@shop-pro.jp,Male,137.45.9.180,9/17/2022
217,Ella,Edinboro,eedinboro60@blogspot.com,Female,57.75.126.101,2/21/2023
218,Merissa,Cordel,mcordel61@e-recht24.de,Non-binary,195.175.60.47,4/26/2023
219,Gerrie,Dilke,gdilke62@accuweather.com,Female,133.187.228.64,8/17/2022
220,Catlee,Scullion,cscullion63@sina.com.cn,Female,12.195.60.172,11/20/2022
221,Nickolas,Kalinowsky,nkalinowsky64@wiley.com,Male,196.251.207.30,7/8/2022
222,Germaine,Baigent,gbaigent65@bloomberg.com,Agender,170.167.15.117,11/22/2022
223,Anica,Widdecombe,awiddecombe66@rambler.ru,Female,137.17.174.69,7/15/2022
224,Temp,Raraty,traraty67@google.pl,Male,234.193.61.7,10/30/2022
225,Rolf,Elnaugh,relnaugh68@blogtalkradio.com,Male,141.87.132.123,2/21/2023
226,Oswald,Iacovo,oiacovo69@typepad.com,Male,189.212.15.33,1/17/2023
227,Rosalynd,Phateplace,rphateplace6a@pbs.org,Female,15.32.130.198,9/6/2022
228,Uta,Benton,ubenton6b@alexa.com,Female,185.92.173.63,5/2/2023
229,Bil,Ryburn,bryburn6c@360.cn,Male,186.160.114.87,12/17/2022
230,Koren,Onraet,konraet6d@bbc.co.uk,Female,158.239.143.48,1/20/2023
231,Garret,Humby,ghumby6e@meetup.com,Male,38.125.44.209,7/7/2022
232,Giles,Storrie,gstorrie6f@newyorker.com,Male,168.77.53.16,5/1/2023
233,Derek,Simm,dsimm6g@twitpic.com,Male,70.7.73.143,10/14/2022
234,Rhiamon,Szubert,rszubert6h@facebook.com,Female,8.67.126.254,3/22/2023
235,Alyss,Piscot,apiscot6i@wikipedia.org,Female,204.202.205.52,2/24/2023
236,Nolie,Beaby,nbeaby6j@qq.com,Genderfluid,178.162.176.24,1/19/2023
237,Valencia,Degoe,vdegoe6k@walmart.com,Female,24.217.124.205,8/17/2022
238,Roobbie,Tuminini,rtuminini6l@vkontakte.ru,Female,202.206.153.199,1/1/2023
239,Malva,Balaison,mbalaison6m@buzzfeed.com,Female,46.186.19.22,10/5/2022
240,Davie,Hollindale,dhollindale6n@creativecommons.org,Male,83.160.52.200,1/29/2023
241,Estrellita,Schule,eschule6o@pbs.org,Female,46.174.117.113,6/24/2022
242,Kathleen,Reinbeck,kreinbeck6p@posterous.com,Female,71.110.179.148,11/2/2022
243,Ammamaria,Langmuir,alangmuir6q@earthlink.net,Female,1.98.59.230,5/27/2023
244,Marlee,Haysey,mhaysey6r@paypal.com,Female,83.223.1.18,10/26/2022
245,Farrah,Mannooch,fmannooch6s@netscape.com,Female,89.104.202.158,3/17/2023
246,Wilt,Raine,wraine6t@free.fr,Male,132.37.144.69,12/7/2022
247,Wilton,Lorman,wlorman6u@apache.org,Male,249.93.97.144,5/24/2023
248,Abner,Championnet,achampionnet6v@tripod.com,Male,60.207.141.139,2/15/2023
249,Rodie,Godlonton,rgodlonton6w@posterous.com,Female,39.104.17.37,6/1/2023
250,Mylo,Wilprecht,mwilprecht6x@howstuffworks.com,Male,200.235.72.80,3/9/2023
251,Yehudit,Janway,yjanway6y@posterous.com,Male,130.209.123.179,11/12/2022
252,Cleavland,Scanlan,cscanlan6z@about.me,Male,177.104.163.101,10/13/2022
253,Ingunna,Rowcastle,irowcastle70@jalbum.net,Female,167.16.236.64,6/30/2022
254,Ram,Luquet,rluquet71@smh.com.au,Male,97.193.57.221,3/6/2023
255,Ursala,Rosindill,urosindill72@imageshack.us,Agender,53.80.208.69,3/8/2023
256,Duncan,Simmank,dsimmank73@dot.gov,Male,5.27.23.255,9/26/2022
257,Veronique,Cheyney,vcheyney74@goo.gl,Female,66.249.143.91,1/22/2023
258,Erinn,Rumens,erumens75@japanpost.jp,Female,110.151.15.122,5/21/2023
259,Lukas,Kenneford,lkenneford76@state.tx.us,Male,190.87.6.111,9/26/2022
260,Cassy,Ronaghan,cronaghan77@jigsy.com,Female,66.77.44.99,8/25/2022
261,Peggy,Edmund,pedmund78@yahoo.co.jp,Female,136.13.186.121,10/15/2022
262,Irvin,Millott,imillott79@irs.gov,Male,161.107.62.91,10/16/2022
263,Murray,Skechley,mskechley7a@fc2.com,Male,130.5.139.43,2/7/2023
264,Rosabel,Callis,rcallis7b@last.fm,Female,248.148.29.109,11/15/2022
265,Alastair,Stiegers,astiegers7c@list-manage.com,Male,163.139.95.7,9/19/2022
266,Dora,Jatczak,djatczak7d@wordpress.org,Female,151.110.74.108,9/11/2022
267,Beale,Snoding,bsnoding7e@devhub.com,Male,115.144.160.122,4/1/2023
268,Pat,Fullard,pfullard7f@rakuten.co.jp,Female,51.134.173.210,6/21/2022
269,Florina,Cuberley,fcuberley7g@youtu.be,Female,32.109.54.121,7/28/2022
270,Casandra,Vanini,cvanini7h@stumbleupon.com,Female,203.129.176.148,2/26/2023
271,Ruby,Skeete,rskeete7i@vinaora.com,Male,52.150.31.80,2/3/2023
272,Ches,Dominichelli,cdominichelli7j@4shared.com,Male,21.72.22.121,9/8/2022
273,Carlene,Jakuszewski,cjakuszewski7k@nps.gov,Female,36.129.211.170,7/6/2022
274,Aron,Clouter,aclouter7l@sphinn.com,Male,44.70.3.89,1/13/2023
275,Wayne,Jirka,wjirka7m@baidu.com,Male,161.55.231.110,5/2/2023
276,Annecorinne,Sebley,asebley7n@networksolutions.com,Female,86.84.215.32,7/26/2022
277,Hanson,Lewsie,hlewsie7o@purevolume.com,Male,20.193.148.73,7/11/2022
278,Shantee,Dunlap,sdunlap7p@imgur.com,Female,27.86.137.68,12/15/2022
279,Erin,Disney,edisney7q@zdnet.com,Male,51.51.35.239,11/9/2022
280,Mirabel,Swadon,mswadon7r@meetup.com,Female,223.40.154.102,10/29/2022
281,Harriet,Salliere,hsalliere7s@ibm.com,Female,128.52.131.14,7/19/2022
282,Farr,Fardo,ffardo7t@prlog.org,Male,151.203.59.177,8/28/2022
283,Roth,Vitler,rvitler7u@psu.edu,Male,48.22.138.196,8/3/2022
284,Horatius,Pimme,hpimme7v@github.com,Agender,252.215.59.1,2/8/2023
285,Orlando,Carder,ocarder7w@godaddy.com,Male,180.166.208.116,5/16/2023
286,Bianka,Sigge,bsigge7x@unicef.org,Non-binary,164.213.145.14,4/14/2023
287,Caroline,Kilmister,ckilmister7y@businessweek.com,Female,216.108.173.173,4/19/2023
288,Jane,Mitchelmore,jmitchelmore7z@psu.edu,Female,34.38.58.192,1/30/2023
289,Berrie,Dormer,bdormer80@people.com.cn,Female,82.49.65.36,12/27/2022
290,Georas,Wilman,gwilman81@cisco.com,Genderqueer,183.220.230.88,2/17/2023
291,Moina,Meade,mmeade82@indiatimes.com,Female,24.83.225.10,8/28/2022
292,Brittne,Wateridge,bwateridge83@wikia.com,Genderqueer,68.69.64.170,4/20/2023
293,Hayward,Sanchiz,hsanchiz84@behance.net,Non-binary,22.73.156.34,6/19/2022
294,Mahmoud,Pritty,mpritty85@unblog.fr,Male,64.222.124.32,5/23/2023
295,Husain,Bambury,hbambury86@1und1.de,Male,89.236.196.219,1/29/2023
296,Reinwald,Bride,rbride87@wikimedia.org,Male,67.136.53.46,7/2/2022
297,Chrisse,Swede,cswede88@squidoo.com,Male,74.43.202.133,2/4/2023
298,Esther,Shillinglaw,eshillinglaw89@intel.com,Female,69.186.254.15,3/22/2023
299,Whitney,Rickersy,wrickersy8a@illinois.edu,Female,36.231.53.77,10/15/2022
300,Demetris,Dallmann,ddallmann8b@amazon.com,Male,46.107.243.136,2/16/2023
301,Joshuah,Cherry,jcherry8c@e-recht24.de,Male,7.191.221.76,8/10/2022
302,Grannie,Yegoshin,gyegoshin8d@networkadvertising.org,Male,24.235.217.152,3/30/2023
303,Isahella,Volette,ivolette8e@sakura.ne.jp,Genderqueer,219.184.75.83,4/8/2023
304,Gaspar,Elsop,gelsop8f@nytimes.com,Male,123.111.39.71,10/28/2022
305,Carri,Twinbrow,ctwinbrow8g@time.com,Female,245.113.211.58,1/3/2023
306,Ebeneser,Kleynen,ekleynen8h@nationalgeographic.com,Male,101.90.126.12,2/26/2023
307,Albie,Hugk,ahugk8i@fda.gov,Male,154.20.73.171,12/18/2022
308,Dennet,Dy,ddy8j@cbc.ca,Male,184.27.108.54,5/21/2023
309,Peirce,Mylechreest,pmylechreest8k@w3.org,Male,0.85.131.88,12/3/2022
310,Beau,Paffot,bpaffot8l@mit.edu,Male,222.129.139.50,6/26/2022
311,Hervey,Blown,hblown8m@bloomberg.com,Male,83.94.85.92,9/13/2022
312,Gage,Rakestraw,grakestraw8n@1und1.de,Male,55.161.29.42,5/29/2023
313,Elmira,Di Biasi,edibiasi8o@flavors.me,Female,94.176.226.41,6/15/2022
314,Waite,Stenner,wstenner8p@comcast.net,Male,52.102.32.196,8/3/2022
315,Far,Currom,fcurrom8q@yale.edu,Male,182.197.24.195,9/21/2022
316,Lorelei,Sarver,lsarver8r@addthis.com,Female,10.239.209.5,10/31/2022
317,Steffie,Dumbrall,sdumbrall8s@dyndns.org,Female,175.76.146.179,12/14/2022
318,Briana,Kleyn,bkleyn8t@ucsd.edu,Female,143.80.130.148,4/8/2023
319,Donn,Duffett,dduffett8u@bigcartel.com,Male,111.41.61.97,6/19/2022
320,Yvette,Vannacci,yvannacci8v@tmall.com,Non-binary,27.211.84.159,8/30/2022
321,Ginnie,Rogerson,grogerson8w@barnesandnoble.com,Female,9.210.215.141,7/30/2022
322,Rand,Herculeson,rherculeson8x@i2i.jp,Bigender,10.67.199.5,11/17/2022
323,Gustaf,Barles,gbarles8y@tinypic.com,Male,195.21.162.149,4/2/2023
324,Nell,Blackborough,nblackborough8z@vkontakte.ru,Female,210.216.1.229,3/28/2023
325,Iosep,Govini,igovini90@dyndns.org,Male,159.189.92.182,12/28/2022
326,Grannie,Wibberley,gwibberley91@list-manage.com,Male,127.164.47.229,1/6/2023
327,Constancy,Jerg,cjerg92@tuttocitta.it,Female,159.124.61.188,1/1/2023
328,Berte,Braisted,bbraisted93@columbia.edu,Female,232.4.171.228,6/5/2023
329,Jandy,Jakubovicz,jjakubovicz94@free.fr,Agender,50.141.171.175,2/12/2023
330,Hamlin,MacClay,hmacclay95@narod.ru,Male,12.36.0.169,7/11/2022
331,Rodie,Rewan,rrewan96@so-net.ne.jp,Female,213.177.191.27,1/30/2023
332,Ford,Garforth,fgarforth97@indiatimes.com,Male,112.211.215.136,11/25/2022
333,Reg,Cassley,rcassley98@amazonaws.com,Male,255.122.54.227,10/21/2022
334,Aime,Consterdine,aconsterdine99@smh.com.au,Female,11.138.130.84,4/29/2023
335,Pattin,Agus,pagus9a@bigcartel.com,Male,196.215.61.171,1/21/2023
336,Ed,Ainge,eainge9b@ifeng.com,Male,49.231.186.242,12/16/2022
337,Syd,De La Hay,sdelahay9c@globo.com,Male,145.208.2.142,12/28/2022
338,Madelena,Dyde,mdyde9d@businessweek.com,Female,217.35.88.204,3/14/2023
339,Moria,Bromehed,mbromehed9e@vk.com,Female,30.137.36.143,6/17/2022
340,Graham,Morson,gmorson9f@smh.com.au,Male,253.91.66.249,7/14/2022
341,Janessa,Trustie,jtrustie9g@mlb.com,Female,214.103.123.98,9/23/2022
342,Alyse,Nyles,anyles9h@prweb.com,Female,145.48.182.12,11/24/2022
343,Torrey,Dahle,tdahle9i@imageshack.us,Genderqueer,94.170.58.27,5/24/2023
344,Thatch,Cawt,tcawt9j@hp.com,Male,190.19.243.176,3/10/2023
345,Raynard,Outhwaite,routhwaite9k@altervista.org,Male,143.172.61.68,5/23/2023
346,Jess,Witherup,jwitherup9l@cnbc.com,Female,19.179.117.28,2/1/2023
347,Giorgi,Greeveson,ggreeveson9m@photobucket.com,Male,34.65.185.75,12/5/2022
348,Amara,Janton,ajanton9n@linkedin.com,Female,140.157.125.134,12/3/2022
349,Giraldo,Ridsdell,gridsdell9o@umn.edu,Male,224.0.90.88,12/18/2022
350,Barbabra,Harmston,bharmston9p@java.com,Female,238.170.156.36,6/3/2023
351,Karia,Rosencwaig,krosencwaig9q@youtu.be,Female,111.175.232.104,12/30/2022
352,Helen,Posten,hposten9r@moonfruit.com,Female,202.140.13.127,11/10/2022
353,Ansel,Kubiak,akubiak9s@archive.org,Male,60.88.94.87,5/10/2023
354,Isabella,Melonby,imelonby9t@fema.gov,Female,206.255.76.117,7/20/2022
355,Fleming,Cromblehome,fcromblehome9u@nasa.gov,Male,55.194.20.250,8/10/2022
356,Mead,Pentlow,mpentlow9v@usatoday.com,Male,135.131.63.225,4/5/2023
357,Jed,Catterson,jcatterson9w@rediff.com,Non-binary,126.157.151.45,5/12/2023
358,Galven,Tayler,gtayler9x@ustream.tv,Male,46.182.24.125,1/3/2023
359,Sloane,Jaan,sjaan9y@discuz.net,Male,166.11.114.114,6/4/2023
360,Gianina,Vina,gvina9z@google.com,Female,239.65.16.81,5/11/2023
361,Nevsa,Bramwich,nbramwicha0@purevolume.com,Female,55.41.73.150,6/4/2023
362,Jerrilee,Blumfield,jblumfielda1@facebook.com,Female,222.249.232.240,3/29/2023
363,Staci,Cullimore,scullimorea2@patch.com,Female,181.33.51.20,12/5/2022
364,Jerrie,Ilyin,jilyina3@theglobeandmail.com,Male,68.118.22.87,10/14/2022
365,Kort,Bonallack,kbonallacka4@amazon.co.jp,Male,136.97.234.195,10/3/2022
366,Edithe,Krout,ekrouta5@wiley.com,Bigender,19.172.43.48,10/18/2022
367,Rhetta,Freiberg,rfreiberga6@angelfire.com,Female,93.161.221.22,4/13/2023
368,Sharai,Cheston,schestona7@hud.gov,Female,192.253.126.173,9/23/2022
369,Osgood,Butt Gow,obuttgowa8@foxnews.com,Male,71.13.49.86,5/24/2023
370,Granny,Biesty,gbiestya9@webs.com,Male,33.113.157.168,4/23/2023
371,Eustace,Gwin,egwinaa@free.fr,Male,229.17.228.147,8/19/2022
372,Bat,Schimke,bschimkeab@umn.edu,Male,54.43.125.86,7/18/2022
373,Sean,Benson,sbensonac@admin.ch,Female,0.65.242.143,6/10/2022
374,Ailyn,Opdenorth,aopdenorthad@skyrock.com,Non-binary,122.52.133.185,3/5/2023
375,Tedie,Morey,tmoreyae@cnet.com,Male,17.104.244.171,3/1/2023
376,Golda,Monroe,gmonroeaf@acquirethisname.com,Female,180.179.69.65,2/20/2023
377,Bastian,Doreward,bdorewardag@deliciousdays.com,Male,3.126.102.68,3/29/2023
378,Lucila,Tocher,ltocherah@nydailynews.com,Female,155.134.237.246,4/2/2023
379,Ches,Furneaux,cfurneauxai@soup.io,Male,236.199.54.82,8/23/2022
380,Giles,Thirst,gthirstaj@arstechnica.com,Male,17.235.33.182,12/30/2022
381,Bald,Gaspard,bgaspardak@chicagotribune.com,Male,57.35.108.17,9/1/2022
382,Juliann,Slograve,jslograveal@123-reg.co.uk,Female,68.214.248.222,4/15/2023
383,Maxie,Scully,mscullyam@guardian.co.uk,Female,181.113.45.120,10/6/2022
384,Reynold,Rodden,rroddenan@jalbum.net,Male,143.189.224.235,3/30/2023
385,Northrup,Torrance,ntorranceao@people.com.cn,Male,92.233.227.217,11/26/2022
386,Dion,Skouling,dskoulingap@issuu.com,Male,138.134.202.234,1/5/2023
387,Lexis,Reynoldson,lreynoldsonaq@house.gov,Female,216.227.94.226,10/10/2022
388,Belva,Aberdein,baberdeinar@whitehouse.gov,Female,192.122.218.220,4/13/2023
389,Lorant,Tummons,ltummonsas@friendfeed.com,Male,26.167.67.64,2/9/2023
390,Merrile,Klimkov,mklimkovat@odnoklassniki.ru,Agender,107.75.81.101,9/9/2022
391,Rachel,McCorrie,rmccorrieau@imageshack.us,Female,99.172.122.109,2/20/2023
392,Candra,Castri,ccastriav@netscape.com,Female,177.109.193.156,8/13/2022
393,Johannes,Belvard,jbelvardaw@accuweather.com,Male,111.44.115.113,11/12/2022
394,Any,Smeall,asmeallax@va.gov,Male,172.80.249.2,7/5/2022
395,Camilla,Blaydon,cblaydonay@unc.edu,Female,86.236.134.231,9/10/2022
396,Fidelia,Irving,firvingaz@comsenz.com,Female,130.110.183.155,6/14/2022
397,Porty,Chad,pchadb0@t-online.de,Male,25.202.119.171,10/3/2022
398,Kelby,Thomelin,kthomelinb1@cyberchimps.com,Male,90.153.198.156,8/14/2022
399,Cheri,Derricoat,cderricoatb2@4shared.com,Female,73.18.179.172,1/2/2023
400,Igor,Maine,imaineb3@reference.com,Male,78.231.12.162,11/8/2022
401,Janos,Jost,jjostb4@flavors.me,Male,235.211.252.177,1/21/2023
402,Sigvard,Patmore,spatmoreb5@wiley.com,Male,96.52.81.120,2/20/2023
403,Claudius,Ausello,causellob6@unesco.org,Male,30.82.47.171,1/28/2023
404,Gasper,McElhargy,gmcelhargyb7@nps.gov,Male,222.41.161.146,9/9/2022
405,Cornie,Manuele,cmanueleb8@nydailynews.com,Male,196.233.7.198,2/6/2023
406,Minette,Applegarth,mapplegarthb9@cdc.gov,Female,238.5.140.169,10/28/2022
407,Clementius,Stuckes,cstuckesba@mozilla.com,Male,12.124.224.0,4/18/2023
408,Inglis,Sandy,isandybb@wikimedia.org,Male,135.110.68.85,11/9/2022
409,Arel,Teasdale-Markie,ateasdalemarkiebc@flickr.com,Male,230.218.127.200,3/27/2023
410,Sigismond,Tivenan,stivenanbd@deviantart.com,Male,141.83.63.196,12/30/2022
411,Starlene,Acom,sacombe@csmonitor.com,Female,234.87.195.129,4/9/2023
412,Margarette,Lerven,mlervenbf@toplist.cz,Genderqueer,168.202.108.213,6/20/2022
413,Lorie,Gummary,lgummarybg@google.com.au,Female,80.91.2.156,10/16/2022
414,Gay,Coare,gcoarebh@mit.edu,Male,3.58.141.245,1/7/2023
415,Conny,Elen,celenbi@geocities.com,Female,147.219.61.115,7/2/2022
416,Hansiain,Levington,hlevingtonbj@fastcompany.com,Male,150.242.222.106,11/15/2022
417,Vidovic,Wensley,vwensleybk@tmall.com,Polygender,94.7.210.211,9/3/2022
418,Marcella,Heaker,mheakerbl@sciencedaily.com,Genderfluid,207.147.240.147,6/27/2022
419,Oliy,Witter,owitterbm@uiuc.edu,Female,100.105.249.100,12/20/2022
420,Janene,Shackelton,jshackeltonbn@google.com.hk,Female,121.191.39.169,8/23/2022
421,Maxim,France,mfrancebo@cbsnews.com,Male,251.221.72.251,2/7/2023
422,Ibby,Sircombe,isircombebp@state.tx.us,Female,255.131.69.10,11/9/2022
423,Jacquelynn,Gaskell,jgaskellbq@unc.edu,Genderqueer,148.121.207.162,4/9/2023
424,Robbi,Wetherill,rwetherillbr@slashdot.org,Female,190.21.199.241,11/20/2022
425,Gill,Aistrop,gaistropbs@cam.ac.uk,Male,245.71.198.194,11/7/2022
426,Paule,Louedey,plouedeybt@theatlantic.com,Female,88.67.164.219,7/28/2022
427,Thedrick,Keywood,tkeywoodbu@typepad.com,Male,53.235.13.70,11/8/2022
428,Cicely,Dukesbury,cdukesburybv@fastcompany.com,Non-binary,164.199.118.84,12/3/2022
429,Glad,Drake,gdrakebw@weebly.com,Female,61.11.58.114,3/24/2023
430,Arte,Winspurr,awinspurrbx@example.com,Male,51.164.216.252,5/11/2023
431,Isaiah,Keech,ikeechby@google.pl,Male,230.102.42.2,11/21/2022
432,Cornelius,Marler,cmarlerbz@sbwire.com,Male,83.17.238.195,3/11/2023
433,Ax,Petraitis,apetraitisc0@infoseek.co.jp,Male,168.152.102.71,11/15/2022
434,Carlota,Estabrook,cestabrookc1@nbcnews.com,Female,212.174.83.251,10/19/2022
435,Nichols,Overel,noverelc2@blogger.com,Male,224.139.232.34,5/14/2023
436,Gerek,Karlsson,gkarlssonc3@privacy.gov.au,Male,87.47.60.22,2/5/2023
437,Aubry,Rann,arannc4@com.com,Female,167.173.8.66,3/20/2023
438,Jarrod,Kleinzweig,jkleinzweigc5@shutterfly.com,Male,236.210.1.158,5/13/2023
439,Lurline,Caen,lcaenc6@github.io,Female,74.51.109.244,2/9/2023
440,Sinclare,Bovey,sboveyc7@state.tx.us,Male,17.143.95.227,9/29/2022
441,Anatole,Thunders,athundersc8@jimdo.com,Male,132.248.56.84,11/7/2022
442,Nevsa,Laroux,nlarouxc9@dropbox.com,Female,170.155.156.223,11/13/2022
443,Quent,Yesenin,qyeseninca@globo.com,Male,96.100.227.52,12/1/2022
444,Erik,Cheese,echeesecb@mlb.com,Male,96.170.106.130,5/14/2023
445,Boyd,Tattersdill,btattersdillcc@ifeng.com,Bigender,240.130.140.231,7/16/2022
446,Andra,Anstead,aansteadcd@dell.com,Female,249.135.181.121,8/3/2022
447,Raf,Bremmer,rbremmerce@bloglines.com,Bigender,2.139.201.75,2/11/2023
448,Pasquale,Pople,ppoplecf@google.es,Male,216.94.215.6,7/24/2022
449,Gerri,Dilworth,gdilworthcg@google.fr,Male,137.94.59.159,9/21/2022
450,Gaye,Bockman,gbockmanch@nbcnews.com,Female,235.58.80.8,12/30/2022
451,Uriel,Featherston,ufeatherstonci@nps.gov,Male,116.219.229.219,12/23/2022
452,Willie,Yatman,wyatmancj@gmpg.org,Female,84.214.131.101,2/25/2023
453,Cassi,Jeste,cjesteck@ca.gov,Female,222.38.27.161,11/27/2022
454,Duncan,Kerbey,dkerbeycl@nytimes.com,Male,107.255.153.184,11/15/2022
455,Raffarty,Drieu,rdrieucm@odnoklassniki.ru,Male,95.126.125.239,10/28/2022
456,Tiertza,Pringer,tpringercn@dyndns.org,Female,158.178.137.43,9/12/2022
457,Roda,Godfroy,rgodfroyco@ehow.com,Female,217.174.97.176,8/25/2022
458,Mariska,Breddy,mbreddycp@cam.ac.uk,Female,60.58.156.94,7/6/2022
459,Brent,Nijssen,bnijssencq@mtv.com,Male,124.4.110.125,9/12/2022
460,Carlotta,Arnaldy,carnaldycr@cbc.ca,Female,124.199.34.23,10/31/2022
461,Ransom,Lowther,rlowthercs@geocities.jp,Male,223.150.145.210,12/27/2022
462,Mahalia,Connealy,mconnealyct@mac.com,Female,198.31.143.191,10/24/2022
463,Peggie,Caramuscia,pcaramusciacu@wikimedia.org,Female,16.103.13.71,1/5/2023
464,Granny,Grene,ggrenecv@unblog.fr,Male,0.68.35.180,6/5/2023
465,Donnie,Loudon,dloudoncw@irs.gov,Male,203.52.88.46,10/4/2022
466,Lanette,Heninghem,lheninghemcx@bandcamp.com,Female,63.84.177.14,4/6/2023
467,Bertine,Malins,bmalinscy@is.gd,Female,51.129.69.13,7/31/2022
468,Ardelle,Whatling,awhatlingcz@cnn.com,Female,238.121.209.156,10/15/2022
469,Julius,Armfirld,jarmfirldd0@typepad.com,Male,196.188.42.191,2/11/2023
470,Mitchel,Dytham,mdythamd1@theglobeandmail.com,Male,2.140.110.133,10/13/2022
471,Neils,Garner,ngarnerd2@washingtonpost.com,Male,140.84.242.229,2/17/2023
472,Deanne,Conlaund,dconlaundd3@opensource.org,Female,203.57.0.64,5/26/2023
473,Woody,Aires,wairesd4@geocities.jp,Male,168.35.231.134,12/30/2022
474,Nicko,Melarkey,nmelarkeyd5@blogspot.com,Male,219.157.225.155,7/27/2022
475,Corina,Simonutti,csimonuttid6@go.com,Female,148.90.171.115,7/3/2022
476,Zsazsa,Heball,zheballd7@tinyurl.com,Female,194.97.146.159,12/10/2022
477,Poppy,Scedall,pscedalld8@behance.net,Female,112.134.105.72,9/28/2022
478,Joni,MacCaughey,jmaccaugheyd9@usda.gov,Female,55.169.182.105,6/6/2023
479,Roddie,Henbury,rhenburyda@si.edu,Male,73.15.202.128,9/14/2022
480,Gustavus,Spraggs,gspraggsdb@mtv.com,Male,57.235.81.54,8/23/2022
481,Emili,Petraitis,epetraitisdc@si.edu,Female,73.134.218.0,9/3/2022
482,Bendix,Dobey,bdobeydd@webeden.co.uk,Male,137.148.131.219,2/13/2023
483,Christophe,Gostyke,cgostykede@indiegogo.com,Male,0.40.123.250,6/22/2022
484,Blanch,Greson,bgresondf@nba.com,Female,152.82.202.37,3/22/2023
485,Archibold,Raffeorty,araffeortydg@eepurl.com,Male,205.212.221.14,7/17/2022
486,Myrilla,Have,mhavedh@ibm.com,Female,127.200.77.250,4/1/2023
487,Etty,Fluger,eflugerdi@wikia.com,Female,195.107.124.49,7/28/2022
488,Clare,Pollastro,cpollastrodj@java.com,Male,237.0.184.222,9/25/2022
489,Grannie,Wren,gwrendk@oakley.com,Male,138.111.245.114,2/12/2023
490,Dee,McVaugh,dmcvaughdl@tiny.cc,Female,180.219.167.16,6/14/2022
491,Asia,Puttan,aputtandm@ow.ly,Female,108.154.160.42,4/20/2023
492,Brigit,Scarlan,bscarlandn@skyrock.com,Agender,219.156.216.86,12/4/2022
493,Rex,Cody,rcodydo@amazonaws.com,Male,180.211.185.42,7/9/2022
494,Niven,Tonna,ntonnadp@shareasale.com,Male,220.159.35.116,5/17/2023
495,Jammie,Blaszczak,jblaszczakdq@technorati.com,Female,24.8.170.52,2/22/2023
496,Lorelei,Darlow,ldarlowdr@paginegialle.it,Polygender,57.125.58.6,3/3/2023
497,Kendra,Izak,kizakds@oracle.com,Female,112.46.115.59,5/18/2023
498,Nana,Rodders,nroddersdt@cafepress.com,Female,178.102.216.180,12/14/2022
499,Sari,Askie,saskiedu@prlog.org,Female,122.206.249.100,9/20/2022
500,Madelin,Matteoni,mmatteonidv@naver.com,Female,199.65.27.80,3/9/2023
501,Vanya,Richie,vrichiedw@buzzfeed.com,Female,6.7.207.205,9/13/2022
502,Budd,Janaszewski,bjanaszewskidx@xing.com,Male,205.136.39.66,10/16/2022
503,Lombard,Ilden,lildendy@guardian.co.uk,Male,114.241.3.13,1/13/2023
504,Shell,Craghead,scragheaddz@constantcontact.com,Male,202.155.149.7,1/5/2023
505,Aridatha,Egle,aeglee0@ehow.com,Female,152.183.97.233,1/22/2023
506,Trina,Giacobazzi,tgiacobazzie1@cnbc.com,Female,152.69.203.37,3/25/2023
507,Ibby,Timbrell,itimbrelle2@bloglines.com,Female,237.44.186.193,4/26/2023
508,Indira,Clymer,iclymere3@desdev.cn,Female,165.40.178.158,5/27/2023
509,Ulrich,Pyecroft,upyecrofte4@last.fm,Male,140.86.169.48,4/9/2023
510,Gipsy,Lusher,glushere5@amazon.com,Female,252.44.185.90,2/8/2023
511,Norris,Fincham,nfinchame6@dmoz.org,Male,173.184.249.74,11/19/2022
512,Micah,Shinefield,mshinefielde7@163.com,Male,22.216.76.60,9/9/2022
513,Horatius,Beedell,hbeedelle8@163.com,Male,23.111.73.166,7/11/2022
514,Shelia,Poinsett,spoinsette9@51.la,Genderqueer,179.4.223.44,11/29/2022
515,Cristionna,Greenacre,cgreenacreea@webs.com,Female,184.16.207.66,7/1/2022
516,Rosaline,Charrier,rcharriereb@booking.com,Female,137.181.40.193,3/23/2023
517,Pat,Yakubovics,pyakubovicsec@meetup.com,Male,53.46.33.195,4/6/2023
518,Abram,Lanigan,alaniganed@hud.gov,Male,130.239.255.113,9/22/2022
519,Galven,MacDunleavy,gmacdunleavyee@behance.net,Male,48.25.79.167,5/16/2023
520,Kalinda,Brockton,kbrocktonef@phpbb.com,Female,203.181.27.54,11/12/2022
521,Anselm,Haug,ahaugeg@bandcamp.com,Male,183.238.221.45,6/7/2023
522,Yurik,Epinay,yepinayeh@latimes.com,Male,133.213.184.78,10/16/2022
523,Magdalen,Birdwhistle,mbirdwhistleei@cocolog-nifty.com,Female,72.88.41.95,3/19/2023
524,Izzy,Mccaull,imccaullej@jugem.jp,Bigender,4.226.255.92,4/7/2023
525,Hammad,Di Giorgio,hdigiorgioek@google.pl,Male,81.140.103.214,7/26/2022
526,Cindee,Tirone,ctironeel@nyu.edu,Female,211.156.80.127,9/30/2022
527,Yancy,Peirpoint,ypeirpointem@hostgator.com,Male,231.93.150.244,10/23/2022
528,Jamesy,Berndtssen,jberndtssenen@mozilla.com,Male,252.11.185.225,4/12/2023
529,Jack,Hinge,jhingeeo@list-manage.com,Male,246.74.215.90,3/27/2023
530,Odo,Dellenbrook,odellenbrookep@state.gov,Male,196.254.179.159,6/28/2022
531,Massimiliano,Sellwood,msellwoodeq@plala.or.jp,Male,213.65.120.215,10/7/2022
532,Tyrone,Skullet,tskulleter@linkedin.com,Male,122.163.241.151,9/22/2022
533,Juli,Liver,jliveres@wordpress.com,Female,138.158.195.28,12/29/2022
534,Kate,Stonner,kstonneret@163.com,Female,129.172.72.61,10/17/2022
535,Dianne,Heppenspall,dheppenspalleu@intel.com,Female,254.48.107.254,8/14/2022
536,Farly,Chadderton,fchaddertonev@pen.io,Male,64.119.31.149,2/7/2023
537,Geno,Thundercliffe,gthundercliffeew@zdnet.com,Male,143.43.4.149,4/16/2023
538,Myrta,Mackley,mmackleyex@fema.gov,Female,125.46.232.167,12/24/2022
539,Caryn,Kitchingman,ckitchingmaney@prweb.com,Female,53.34.91.31,11/8/2022
540,Elyse,Wasielewicz,ewasielewiczez@patch.com,Female,127.54.64.219,8/22/2022
541,Tabor,Winsper,twinsperf0@twitpic.com,Male,175.214.87.106,4/10/2023
542,Christos,Isenor,cisenorf1@mozilla.com,Male,100.37.134.44,8/29/2022
543,Antonetta,Nellis,anellisf2@nsw.gov.au,Female,104.158.177.67,3/19/2023
544,Udell,Barnicott,ubarnicottf3@mtv.com,Male,231.132.174.61,6/7/2023
545,Aldo,Skinn,askinnf4@twitter.com,Genderfluid,241.12.188.196,7/30/2022
546,Vanni,Collman,vcollmanf5@prlog.org,Genderqueer,254.30.156.74,5/22/2023
547,Crissy,Gerhartz,cgerhartzf6@google.com.hk,Female,129.209.28.17,2/16/2023
548,Earvin,Cookney,ecookneyf7@biblegateway.com,Male,114.41.157.84,5/22/2023
549,Katlin,Lorente,klorentef8@nyu.edu,Non-binary,148.134.31.219,10/19/2022
550,Dorette,Arnoud,darnoudf9@flavors.me,Female,167.99.213.90,10/18/2022
551,Ash,MacAlaster,amacalasterfa@amazon.de,Male,109.96.237.204,11/13/2022
552,Tedra,Fellow,tfellowfb@pen.io,Female,242.209.130.191,11/3/2022
553,Ardys,Glazier,aglazierfc@booking.com,Female,92.58.204.135,4/3/2023
554,Teriann,Roswarne,troswarnefd@ucsd.edu,Female,242.224.132.248,1/20/2023
555,Rik,Berthomier,rberthomierfe@hao123.com,Male,87.238.213.90,7/5/2022
556,Humfrey,Lovett,hlovettff@guardian.co.uk,Male,64.255.99.240,6/13/2022
557,Bendix,Mowett,bmowettfg@so-net.ne.jp,Male,229.124.150.152,3/13/2023
558,Margery,Hruska,mhruskafh@is.gd,Female,119.93.108.210,8/24/2022
559,Virginie,Deboy,vdeboyfi@independent.co.uk,Female,138.119.13.117,8/29/2022
560,Gray,Checkley,gcheckleyfj@cisco.com,Male,154.87.224.226,9/25/2022
561,Evelyn,Thomtson,ethomtsonfk@digg.com,Male,31.62.31.83,7/27/2022
562,Rina,Mort,rmortfl@wunderground.com,Female,219.75.234.96,12/20/2022
563,Hailee,Traut,htrautfm@storify.com,Female,49.247.154.132,2/10/2023
564,Brett,Bernolet,bbernoletfn@usa.gov,Female,103.107.235.216,7/9/2022
565,Tiff,Vasic,tvasicfo@comcast.net,Female,204.2.166.4,9/26/2022
566,Tally,Wooles,twoolesfp@ustream.tv,Male,255.52.136.34,10/24/2022
567,Maximo,Durdy,mdurdyfq@buzzfeed.com,Male,77.69.120.63,3/24/2023
568,Claudine,Duffan,cduffanfr@google.cn,Female,153.150.118.108,10/1/2022
569,Glendon,Bruneau,gbruneaufs@ow.ly,Male,243.220.223.219,9/11/2022
570,Corene,Grahame,cgrahameft@google.nl,Bigender,245.65.75.175,10/29/2022
571,Ingaborg,Turneaux,iturneauxfu@techcrunch.com,Female,123.127.103.122,2/18/2023
572,Marlee,Bail,mbailfv@unblog.fr,Female,29.251.12.97,11/5/2022
573,Alexandros,Doey,adoeyfw@angelfire.com,Male,97.133.142.124,9/2/2022
574,Lana,Yglesias,lyglesiasfx@wordpress.org,Female,201.147.60.202,5/10/2023
575,Reed,Aslen,raslenfy@whitehouse.gov,Male,251.38.5.204,12/19/2022
576,Tymon,Goretti,tgorettifz@ucla.edu,Male,59.107.240.181,5/23/2023
577,Cullen,Dibbin,cdibbing0@guardian.co.uk,Male,213.126.10.199,7/20/2022
578,Orin,Ronchetti,oronchettig1@weebly.com,Male,89.215.20.157,11/22/2022
579,York,Aleksic,yaleksicg2@amazon.co.jp,Bigender,196.206.2.59,7/30/2022
580,Jarrod,Cuell,jcuellg3@blogtalkradio.com,Polygender,90.17.148.25,5/21/2023
581,Valry,Wilne,vwilneg4@51.la,Female,24.239.69.53,10/24/2022
582,Arri,Massingham,amassinghamg5@oakley.com,Male,99.194.127.206,9/8/2022
583,Norry,Janssens,njanssensg6@youtu.be,Female,252.50.237.147,1/27/2023
584,Emmalee,Pedrollo,epedrollog7@canalblog.com,Female,150.113.77.150,2/25/2023
585,Verene,Mullaney,vmullaneyg8@prnewswire.com,Polygender,80.145.242.248,12/3/2022
586,Gabrielle,Johananoff,gjohananoffg9@networksolutions.com,Genderfluid,95.57.179.176,10/17/2022
587,Nalani,Bantock,nbantockga@vinaora.com,Female,187.164.42.158,1/13/2023
588,Howard,Cassels,hcasselsgb@boston.com,Male,84.175.59.91,8/18/2022
589,Arch,Minghella,aminghellagc@squidoo.com,Male,253.135.91.169,10/7/2022
590,Wallas,Beavers,wbeaversgd@printfriendly.com,Male,146.243.141.140,10/15/2022
591,Darill,Tidbold,dtidboldge@sitemeter.com,Male,88.214.237.219,3/30/2023
592,Gilles,Lister,glistergf@example.com,Non-binary,56.238.249.123,11/20/2022
593,Cherye,Josling,cjoslinggg@com.com,Female,37.102.119.83,5/26/2023
594,Nari,McNicol,nmcnicolgh@flavors.me,Female,9.76.26.79,12/29/2022
595,Ronny,Castan,rcastangi@answers.com,Female,179.123.9.97,10/16/2022
596,Bentlee,Muston,bmustongj@nationalgeographic.com,Male,18.108.224.250,11/8/2022
597,Olav,McKinie,omckiniegk@engadget.com,Male,159.124.8.188,2/26/2023
598,Montgomery,Trayte,mtraytegl@biblegateway.com,Male,158.182.6.184,8/2/2022
599,Blondie,Ashbe,bashbegm@fc2.com,Female,125.34.111.123,7/16/2022
600,Mari,Rains,mrainsgn@imdb.com,Polygender,125.161.161.118,9/16/2022
601,Dayna,Walkowski,dwalkowskigo@nyu.edu,Female,67.201.155.148,4/21/2023
602,Patrick,Challes,pchallesgp@oakley.com,Male,25.25.77.158,7/1/2022
603,Baird,Adriaan,badriaangq@whitehouse.gov,Male,243.83.210.247,7/24/2022
604,Cairistiona,Hitscher,chitschergr@wp.com,Female,205.190.60.167,11/30/2022
605,Katrinka,Pauls,kpaulsgs@issuu.com,Female,76.120.188.244,10/26/2022
606,Wilfred,Ash,washgt@telegraph.co.uk,Male,125.55.107.126,12/18/2022
607,Dewain,Rix,drixgu@surveymonkey.com,Male,230.81.207.23,4/2/2023
608,Jasmina,Goodlake,jgoodlakegv@sbwire.com,Female,148.9.181.125,10/25/2022
609,Annabell,Scroxton,ascroxtongw@dell.com,Female,64.244.109.47,6/1/2023
610,Boris,Lindholm,blindholmgx@hhs.gov,Male,130.25.78.193,10/6/2022
611,Perrine,Davison,pdavisongy@typepad.com,Female,160.147.143.127,7/24/2022
612,Brigg,Stigers,bstigersgz@netscape.com,Male,151.232.11.69,2/3/2023
613,Avrom,MacKeeg,amackeegh0@tinypic.com,Male,163.198.169.68,3/24/2023
614,Alys,Higbin,ahigbinh1@webnode.com,Female,36.58.87.36,2/18/2023
615,Jackelyn,Mingo,jmingoh2@cmu.edu,Female,181.51.54.116,1/8/2023
616,Casie,Blumson,cblumsonh3@merriam-webster.com,Female,171.162.71.181,1/2/2023
617,Ardelle,Reynard,areynardh4@myspace.com,Female,245.163.65.191,6/30/2022
618,Camille,Bernadon,cbernadonh5@usa.gov,Female,122.198.230.20,2/28/2023
619,Sherwood,Larner,slarnerh6@aol.com,Male,238.26.147.11,11/16/2022
620,Heindrick,Nutbean,hnutbeanh7@blogspot.com,Male,60.65.172.250,9/2/2022
621,Allix,Conduit,aconduith8@feedburner.com,Female,36.254.111.203,7/18/2022
622,Scotty,Ponten,spontenh9@sogou.com,Male,169.174.153.124,11/5/2022
623,Allys,Posen,aposenha@yale.edu,Female,123.184.225.220,4/20/2023
624,Tiena,Aleksashin,taleksashinhb@linkedin.com,Polygender,9.127.146.162,1/4/2023
625,Camey,Essex,cessexhc@prweb.com,Male,211.50.63.251,12/20/2022
626,Bill,Day,bdayhd@google.de,Female,30.71.223.89,1/19/2023
627,Lynnett,Luxen,lluxenhe@google.nl,Female,255.32.168.193,5/3/2023
628,Gina,Trudgian,gtrudgianhf@blogspot.com,Female,83.213.188.120,9/4/2022
629,Davy,Dart,ddarthg@shinystat.com,Male,243.150.84.167,10/7/2022
630,Niko,Trammel,ntrammelhh@geocities.com,Male,13.65.79.7,5/8/2023
631,Ardith,Desbrow,adesbrowhi@arstechnica.com,Female,189.196.160.99,10/1/2022
632,Bogey,Cicchetto,bcicchettohj@freewebs.com,Male,27.208.26.229,2/4/2023
633,Charmian,McNeigh,cmcneighhk@studiopress.com,Female,200.242.76.18,5/23/2023
634,Ardath,Paske,apaskehl@blog.com,Female,219.80.133.177,10/23/2022
635,Sholom,Hamblin,shamblinhm@jalbum.net,Male,246.178.87.56,7/17/2022
636,Norrie,Broadbury,nbroadburyhn@usa.gov,Female,77.2.76.174,10/1/2022
637,Normand,Butting,nbuttingho@about.me,Male,23.70.67.65,12/7/2022
638,Cory,Millar,cmillarhp@naver.com,Female,240.193.33.148,12/10/2022
639,Bald,Oseman,bosemanhq@forbes.com,Male,146.201.198.7,7/22/2022
640,Aubrey,Spackman,aspackmanhr@berkeley.edu,Female,18.167.85.139,10/18/2022
641,Elisabeth,Ruddy,eruddyhs@fema.gov,Female,179.15.18.118,4/16/2023
642,Shell,Rollins,srollinsht@dropbox.com,Female,228.148.253.201,2/27/2023
643,Gwyneth,Sudran,gsudranhu@prweb.com,Female,223.113.78.118,1/21/2023
644,Mart,Clausius,mclausiushv@slideshare.net,Male,124.26.220.160,2/17/2023
645,Colman,Tincombe,ctincombehw@taobao.com,Male,178.120.86.183,12/14/2022
646,Ruthy,Pecha,rpechahx@yale.edu,Female,40.58.96.224,5/26/2023
647,Ysabel,Pallaske,ypallaskehy@slideshare.net,Female,198.241.170.254,5/2/2023
648,Euell,Monan,emonanhz@goo.ne.jp,Male,205.121.200.23,8/10/2022
649,Kailey,Aldine,kaldinei0@unc.edu,Female,108.246.142.234,3/19/2023
650,Domini,Stidever,dstideveri1@storify.com,Female,64.224.33.38,10/18/2022
651,Erl,Drillot,edrilloti2@redcross.org,Male,121.217.220.96,9/25/2022
652,Hertha,Carswell,hcarswelli3@mtv.com,Female,196.56.212.48,9/21/2022
653,Janis,Geffcock,jgeffcocki4@slashdot.org,Female,252.81.98.181,10/23/2022
654,Gaultiero,Catto,gcattoi5@cocolog-nifty.com,Male,115.198.22.17,12/8/2022
655,Basilio,Hinkins,bhinkinsi6@youtube.com,Male,179.39.192.89,11/14/2022
656,Daphne,Templeton,dtempletoni7@dmoz.org,Female,135.33.39.254,6/21/2022
657,Alex,Taffurelli,ataffurellii8@facebook.com,Female,178.210.215.151,9/20/2022
658,Lonnard,Wilfling,lwilflingi9@oaic.gov.au,Male,133.106.1.167,1/7/2023
659,Chilton,Barrow,cbarrowia@wordpress.com,Male,196.19.133.152,4/5/2023
660,Ashien,Plaid,aplaidib@bluehost.com,Female,225.230.74.12,5/6/2023
661,Shelton,Abrahamowitcz,sabrahamowitczic@ca.gov,Male,237.146.17.241,8/17/2022
662,Cliff,Samsworth,csamsworthid@census.gov,Male,79.145.25.30,10/31/2022
663,Chrysa,Sherburn,csherburnie@netvibes.com,Female,88.87.164.154,1/30/2023
664,Kyrstin,Van den Bosch,kvandenboschif@geocities.jp,Female,255.166.42.102,3/31/2023
665,Kris,Scutt,kscuttig@time.com,Female,67.188.23.108,5/4/2023
666,Corbie,Lequeux,clequeuxih@nps.gov,Male,8.118.180.46,8/27/2022
667,Atalanta,Beatty,abeattyii@pen.io,Female,202.23.25.151,2/12/2023
668,Anjela,Carr,acarrij@paypal.com,Female,66.99.205.109,9/18/2022
669,Consalve,Pettifer,cpettiferik@weebly.com,Male,173.102.177.118,7/29/2022
670,Martina,Wagnerin,mwagnerinil@1und1.de,Female,232.247.104.129,3/30/2023
671,Sisely,Housegoe,shousegoeim@illinois.edu,Female,148.12.157.38,3/11/2023
672,Waylan,Calderwood,wcalderwoodin@myspace.com,Male,69.123.32.51,4/6/2023
673,Simone,Holdforth,sholdforthio@canalblog.com,Male,150.102.135.219,12/16/2022
674,Ambrosi,Gambles,agamblesip@china.com.cn,Male,207.14.129.201,2/10/2023
675,Winthrop,Meadowcraft,wmeadowcraftiq@vk.com,Male,21.244.235.100,3/6/2023
676,Annice,Ryam,aryamir@arizona.edu,Female,40.68.65.3,8/27/2022
677,Euphemia,Anney,eanneyis@amazonaws.com,Female,237.90.199.211,12/5/2022
678,Audi,Treeby,atreebyit@state.tx.us,Female,76.80.125.107,1/28/2023
679,Franciska,Heap,fheapiu@wikispaces.com,Female,226.88.158.60,7/8/2022
680,Niel,Alasdair,nalasdairiv@spiegel.de,Male,239.228.34.238,11/29/2022
681,Osmond,Dewan,odewaniw@pbs.org,Male,140.73.90.157,11/23/2022
682,Caren,Cranmor,ccranmorix@si.edu,Female,133.205.193.163,3/31/2023
683,Boonie,Rangle,brangleiy@over-blog.com,Non-binary,159.46.208.176,7/8/2022
684,Georgine,Viollet,gviolletiz@forbes.com,Female,211.4.47.14,7/30/2022
685,Laurel,Ecclesall,lecclesallj0@sfgate.com,Genderfluid,182.142.212.69,1/9/2023
686,Tracy,Dilrew,tdilrewj1@marketwatch.com,Female,129.184.84.18,4/5/2023
687,Benni,Hatwells,bhatwellsj2@marriott.com,Female,157.19.176.225,3/19/2023
688,Penny,Diggle,pdigglej3@ihg.com,Male,132.21.152.151,6/26/2022
689,Barnaby,Rakestraw,brakestrawj4@apple.com,Male,180.36.5.135,12/20/2022
690,Tarrance,Brotherhead,tbrotherheadj5@mediafire.com,Male,112.112.168.56,9/24/2022
691,Kennedy,Retchless,kretchlessj6@deliciousdays.com,Male,31.59.212.192,10/9/2022
692,Miltie,Huff,mhuffj7@fda.gov,Male,58.189.232.139,11/21/2022
693,Reggie,Mattheus,rmattheusj8@rambler.ru,Female,154.165.255.197,6/22/2022
694,Carola,Faughey,cfaugheyj9@google.nl,Female,201.225.207.41,12/20/2022
695,Halley,Charpling,hcharplingja@shinystat.com,Female,108.134.121.159,9/14/2022
696,Tamas,Bailie,tbailiejb@merriam-webster.com,Male,234.206.11.167,8/20/2022
697,Willie,Cranshaw,wcranshawjc@dailymotion.com,Female,105.236.218.180,6/4/2023
698,Gypsy,Simoneschi,gsimoneschijd@craigslist.org,Female,234.30.214.127,4/28/2023
699,Natasha,Millions,nmillionsje@goodreads.com,Female,218.197.184.118,12/19/2022
700,Matthiew,Shallcross,mshallcrossjf@diigo.com,Agender,218.200.2.151,1/17/2023
701,Jaquelin,Sibylla,jsibyllajg@latimes.com,Female,121.195.220.174,5/4/2023
702,Shandra,Barnewell,sbarnewelljh@studiopress.com,Female,198.194.251.40,6/21/2022
703,Mirabella,Weaver,mweaverji@cargocollective.com,Female,40.184.121.13,5/8/2023
704,Hyman,Writtle,hwrittlejj@state.tx.us,Male,69.4.133.50,2/28/2023
705,Hayward,Mc Cahey,hmccaheyjk@infoseek.co.jp,Male,202.248.125.54,4/16/2023
706,Elijah,Nolot,enolotjl@whitehouse.gov,Male,49.55.46.46,5/18/2023
707,Baxter,Filipyev,bfilipyevjm@utexas.edu,Male,208.5.211.184,9/15/2022
708,Miranda,Thunnerclef,mthunnerclefjn@tinyurl.com,Female,177.134.58.175,6/19/2022
709,Karlene,Saffrin,ksaffrinjo@state.tx.us,Non-binary,170.25.82.165,1/16/2023
710,Elfie,Bassindale,ebassindalejp@printfriendly.com,Female,28.33.173.9,9/4/2022
711,Doloritas,Deneve,ddenevejq@people.com.cn,Female,221.162.5.111,9/14/2022
712,Giffer,Hrishanok,ghrishanokjr@webs.com,Polygender,166.134.3.134,7/27/2022
713,Sanson,Schachter,sschachterjs@businessinsider.com,Male,207.5.108.173,1/7/2023
714,Ethan,Luigi,eluigijt@themeforest.net,Male,223.241.116.123,3/20/2023
715,Velvet,Cobbald,vcobbaldju@sfgate.com,Genderfluid,3.143.62.26,8/18/2022
716,Jillian,Scaice,jscaicejv@alexa.com,Female,159.170.201.210,7/22/2022
717,Randa,Puden,rpudenjw@wix.com,Female,241.179.230.232,5/6/2023
718,Cammi,Danilovich,cdanilovichjx@parallels.com,Female,252.54.97.36,10/3/2022
719,Raymond,Dunnet,rdunnetjy@globo.com,Male,185.100.168.79,4/24/2023
720,Stacy,Elizabeth,selizabethjz@tiny.cc,Male,161.12.134.146,9/9/2022
721,Davidson,Dann,ddannk0@utexas.edu,Male,174.210.237.160,6/28/2022
722,Georges,Halewood,ghalewoodk1@un.org,Male,181.106.213.240,5/21/2023
723,Francis,Lambot,flambotk2@mayoclinic.com,Male,244.112.75.69,11/19/2022
724,Kingston,Hannay,khannayk3@tinyurl.com,Male,247.251.79.125,4/20/2023
725,Mellie,Nipper,mnipperk4@blogs.com,Female,9.207.118.117,11/1/2022
726,Earle,Dudenie,edudeniek5@oracle.com,Male,245.105.110.51,2/15/2023
727,Arabelle,Pascall,apascallk6@dailymail.co.uk,Female,16.2.137.242,4/8/2023
728,Alleen,Dyball,adyballk7@ow.ly,Female,121.215.150.178,5/25/2023
729,Boot,Degenhardt,bdegenhardtk8@si.edu,Male,152.182.205.75,9/10/2022
730,Bibby,Gauford,bgaufordk9@bloglines.com,Female,228.52.80.38,10/20/2022
731,Ches,Barrar,cbarrarka@salon.com,Male,246.202.240.141,9/17/2022
732,Giacobo,Dresse,gdressekb@nyu.edu,Male,71.152.63.223,2/2/2023
733,Fern,Vallentin,fvallentinkc@privacy.gov.au,Female,6.113.205.2,3/2/2023
734,Ingeborg,Seint,iseintkd@deliciousdays.com,Female,9.119.28.59,7/3/2022
735,Shel,Thaxton,sthaxtonke@epa.gov,Female,73.15.173.115,3/11/2023
736,Olympe,Huband,ohubandkf@amazon.co.jp,Female,148.241.74.177,2/25/2023
737,Rosalind,Burlay,rburlaykg@networksolutions.com,Female,15.88.235.76,6/16/2022
738,Arlina,Dedney,adedneykh@intel.com,Female,17.48.22.228,5/12/2023
739,Evangelina,Jorg,ejorgki@themeforest.net,Female,49.132.83.144,6/6/2023
740,Alfie,Veck,aveckkj@qq.com,Male,159.20.107.231,4/29/2023
741,Arel,Furnival,afurnivalkk@craigslist.org,Male,68.24.136.252,4/18/2023
742,Maddalena,Caurah,mcaurahkl@amazonaws.com,Female,219.123.142.213,4/18/2023
743,Cinderella,Vauls,cvaulskm@oaic.gov.au,Female,78.93.167.229,6/11/2022
744,Modestine,Calken,mcalkenkn@soup.io,Female,178.250.195.27,2/1/2023
745,Jillie,Gowlett,jgowlettko@spotify.com,Female,97.171.3.196,10/13/2022
746,Dahlia,Wankel,dwankelkp@free.fr,Female,154.145.8.183,2/12/2023
747,Barbette,Finlayson,bfinlaysonkq@fema.gov,Female,54.20.204.120,5/3/2023
748,Mollie,Plastow,mplastowkr@walmart.com,Female,182.4.212.24,11/8/2022
749,Robers,Macewan,rmacewanks@stumbleupon.com,Male,170.8.211.36,8/14/2022
750,Elsworth,Aindriu,eaindriukt@bing.com,Male,158.70.245.38,10/20/2022
751,Nolly,Danbye,ndanbyeku@squidoo.com,Male,55.140.85.159,9/29/2022
752,Thomasin,Mander,tmanderkv@hibu.com,Female,252.135.18.29,6/20/2022
753,Dell,Stapylton,dstapyltonkw@sbwire.com,Female,31.45.120.11,4/30/2023
754,Arne,Henner,ahennerkx@soup.io,Male,24.211.217.23,7/30/2022
755,Jacqueline,Kingsbury,jkingsburyky@cnn.com,Female,239.84.145.73,4/10/2023
756,Charlene,Geraldo,cgeraldokz@privacy.gov.au,Female,138.151.121.239,10/5/2022
757,Ivor,Chominski,ichominskil0@etsy.com,Male,12.107.174.199,8/23/2022
758,Janenna,Williment,jwillimentl1@npr.org,Female,82.253.209.213,3/7/2023
759,Orelie,Deluca,odelucal2@census.gov,Female,74.68.94.123,7/26/2022
760,Ulric,McGilleghole,umcgillegholel3@g.co,Male,214.255.88.15,5/8/2023
761,Gare,Lorant,glorantl4@hao123.com,Male,141.46.57.98,8/22/2022
762,Huntlee,Clemmensen,hclemmensenl5@gnu.org,Male,110.45.31.182,3/18/2023
763,Miran,Clineck,mclineckl6@devhub.com,Female,129.87.1.191,9/29/2022
764,Care,Clitheroe,cclitheroel7@biblegateway.com,Male,41.22.39.92,6/21/2022
765,Brander,Edgell,bedgelll8@comcast.net,Male,146.73.168.46,6/20/2022
766,Livvyy,Van der Mark,lvandermarkl9@exblog.jp,Female,120.40.54.208,4/25/2023
767,Felita,Brundrett,fbrundrettla@ucoz.com,Non-binary,84.20.221.129,3/5/2023
768,Timmy,Beneyto,tbeneytolb@ucsd.edu,Female,21.234.41.167,7/24/2022
769,Lorine,Scuse,lscuselc@g.co,Genderqueer,50.91.189.216,6/19/2022
770,Randell,Dechelette,rdecheletteld@nsw.gov.au,Male,89.50.232.124,5/24/2023
771,Farr,Calleja,fcallejale@etsy.com,Male,95.139.24.69,7/4/2022
772,Eolande,McCawley,emccawleylf@liveinternet.ru,Bigender,106.63.145.88,9/28/2022
773,Sim,Nisco,sniscolg@globo.com,Male,152.211.247.204,5/22/2023
774,Welby,Locker,wlockerlh@histats.com,Male,204.144.124.111,10/5/2022
775,Sonia,Muckley,smuckleyli@jigsy.com,Female,147.117.94.175,6/27/2022
776,Jon,Sarjant,jsarjantlj@wix.com,Male,243.95.194.195,3/21/2023
777,Aldis,Jakubovski,ajakubovskilk@mediafire.com,Male,210.166.86.216,1/31/2023
778,Stewart,Bootell,sbootellll@bizjournals.com,Male,128.169.34.4,5/7/2023
779,Geoff,Cherrington,gcherringtonlm@harvard.edu,Male,83.157.98.15,10/15/2022
780,Barbara,Arnson,barnsonln@i2i.jp,Female,213.96.88.71,9/1/2022
781,Davida,Starie,dstarielo@java.com,Agender,134.79.232.212,8/12/2022
782,Devin,Lexa,dlexalp@etsy.com,Female,112.126.94.218,1/28/2023
783,Sutherland,Muress,smuresslq@homestead.com,Male,157.148.48.8,11/5/2022
784,Briana,Abdie,babdielr@cocolog-nifty.com,Polygender,200.3.189.136,1/10/2023
785,Darill,Kehri,dkehrils@unblog.fr,Bigender,190.0.176.32,9/10/2022
786,Maritsa,Royds,mroydslt@weebly.com,Female,240.172.11.5,2/3/2023
787,Peria,Clixby,pclixbylu@umn.edu,Female,115.145.48.201,6/9/2022
788,Frederigo,Petrolli,fpetrollilv@spotify.com,Male,146.230.136.146,8/8/2022
789,Karina,Battabee,kbattabeelw@msu.edu,Female,206.96.68.2,10/2/2022
790,Bonni,Godbolt,bgodboltlx@kickstarter.com,Female,148.6.41.220,9/23/2022
791,Anica,Ferrige,aferrigely@miibeian.gov.cn,Female,31.118.231.126,12/22/2022
792,Evonne,Tenny,etennylz@histats.com,Female,106.212.55.145,12/5/2022
793,Maxim,Iggo,miggom0@sina.com.cn,Male,120.138.32.187,8/10/2022
794,Gus,Bestiman,gbestimanm1@redcross.org,Male,160.162.151.55,5/27/2023
795,Tann,De Caville,tdecavillem2@bloglovin.com,Male,69.70.65.107,4/8/2023
796,Somerset,Shilstone,sshilstonem3@discuz.net,Male,210.145.55.142,6/21/2022
797,Celene,Tilford,ctilfordm4@wikispaces.com,Female,240.59.22.15,4/15/2023
798,Pennie,Crumbleholme,pcrumbleholmem5@irs.gov,Female,233.168.98.26,7/14/2022
799,Storm,Shann,sshannm6@nyu.edu,Female,226.220.2.16,2/3/2023
800,Maynard,Thorby,mthorbym7@unc.edu,Male,62.205.117.45,5/21/2023
801,Curtis,Goadsby,cgoadsbym8@telegraph.co.uk,Male,183.158.134.205,2/16/2023
802,Alexandrina,Belf,abelfm9@mlb.com,Female,79.21.206.174,4/30/2023
803,Robbie,Channer,rchannerma@bloglines.com,Male,76.160.9.237,11/4/2022
804,Xerxes,Leither,xleithermb@theglobeandmail.com,Male,4.239.254.145,10/8/2022
805,Marlon,O'Hagan,mohaganmc@blogs.com,Male,57.214.201.14,11/2/2022
806,Debra,Gudgion,dgudgionmd@stumbleupon.com,Female,180.180.113.73,8/3/2022
807,Austen,Henrys,ahenrysme@yelp.com,Male,159.36.58.198,10/28/2022
808,Beth,Milam,bmilammf@harvard.edu,Female,4.245.216.74,4/14/2023
809,Nikolai,Petrusch,npetruschmg@yolasite.com,Male,246.116.153.239,11/13/2022
810,Dorri,Vel,dvelmh@4shared.com,Female,243.92.224.16,10/5/2022
811,Albertina,Honnan,ahonnanmi@wordpress.org,Female,23.208.121.125,1/24/2023
812,Nevsa,Allan,nallanmj@mysql.com,Female,210.34.96.157,9/18/2022
813,Thomasin,Mallia,tmalliamk@oakley.com,Female,156.189.242.227,6/27/2022
814,Tedda,Thickens,tthickensml@pcworld.com,Agender,65.30.197.138,4/29/2023
815,Russell,Millwall,rmillwallmm@about.me,Male,151.244.136.252,5/15/2023
816,Christie,Clayson,cclaysonmn@discovery.com,Female,52.56.147.10,1/20/2023
817,Brucie,Burhill,bburhillmo@usa.gov,Male,29.136.16.253,3/8/2023
818,Esma,Lathleiff,elathleiffmp@blogspot.com,Female,77.35.157.196,4/21/2023
819,Moyra,Shillom,mshillommq@over-blog.com,Female,154.204.216.181,10/7/2022
820,Isiahi,Liddle,iliddlemr@ameblo.jp,Male,27.52.148.238,6/25/2022
821,Madelina,Whye,mwhyems@who.int,Female,149.5.251.118,8/26/2022
822,Sibella,Clifft,sclifftmt@tinyurl.com,Female,207.153.189.224,12/9/2022
823,Osborne,Sprowle,osprowlemu@trellian.com,Male,79.114.245.211,5/9/2023
824,Artus,Stringfellow,astringfellowmv@comcast.net,Male,165.82.12.161,2/22/2023
825,Stevana,Sidden,ssiddenmw@cargocollective.com,Agender,186.158.183.89,7/18/2022
826,Alfons,Megson,amegsonmx@bloglines.com,Male,17.238.184.124,5/5/2023
827,Wells,Dufer,wdufermy@canalblog.com,Male,41.119.166.121,11/27/2022
828,Wilow,Amber,wambermz@vimeo.com,Female,212.80.234.147,8/25/2022
829,Freddie,McBeth,fmcbethn0@huffingtonpost.com,Male,148.188.132.95,7/2/2022
830,Weston,Ferri,wferrin1@jalbum.net,Male,117.1.227.208,3/16/2023
831,Carleton,Peert,cpeertn2@techcrunch.com,Male,51.82.59.204,10/11/2022
832,Kenny,Luxton,kluxtonn3@cocolog-nifty.com,Male,80.63.2.49,9/1/2022
833,Ronica,Gossan,rgossann4@ihg.com,Female,0.180.250.38,10/14/2022
834,Marquita,Creeghan,mcreeghann5@ezinearticles.com,Female,58.204.203.234,3/19/2023
835,Woodie,McMeekin,wmcmeekinn6@hp.com,Male,77.13.22.125,4/22/2023
836,Koenraad,Salatino,ksalatinon7@godaddy.com,Male,112.173.103.79,12/20/2022
837,Davin,Croxford,dcroxfordn8@craigslist.org,Male,145.10.102.198,5/7/2023
838,Theressa,Newey,tneweyn9@reverbnation.com,Non-binary,246.122.146.220,4/23/2023
839,Bobbee,McEnteggart,bmcenteggartna@mozilla.com,Female,226.55.130.159,1/2/2023
840,Brooks,Dank,bdanknb@sciencedirect.com,Male,79.79.151.186,8/10/2022
841,Rivkah,Tortis,rtortisnc@army.mil,Female,7.138.32.14,3/13/2023
842,Law,Mattheus,lmattheusnd@deviantart.com,Male,102.110.133.179,2/20/2023
843,Orrin,Bigby,obigbyne@shop-pro.jp,Male,249.178.165.242,7/29/2022
844,Roldan,Peterkin,rpeterkinnf@oaic.gov.au,Male,74.48.216.223,8/6/2022
845,Galven,Gallemore,ggallemoreng@yellowbook.com,Male,21.7.186.25,8/10/2022
846,Haskel,Rozec,hrozecnh@rakuten.co.jp,Male,208.11.44.46,1/23/2023
847,Emmet,Oates,eoatesni@xrea.com,Genderfluid,123.244.96.215,3/15/2023
848,Derek,Doe,ddoenj@drupal.org,Male,54.231.196.144,8/16/2022
849,Jenifer,Popescu,jpopescunk@cisco.com,Non-binary,133.6.208.236,12/3/2022
850,Hayley,Itzkovsky,hitzkovskynl@businesswire.com,Female,90.18.81.2,11/24/2022
851,Doralyn,Brash,dbrashnm@over-blog.com,Female,169.154.150.135,5/22/2023
852,Rafaelia,Mapston,rmapstonnn@artisteer.com,Female,78.177.183.225,4/20/2023
853,Ileana,Hutchinson,ihutchinsonno@archive.org,Female,182.198.192.31,2/18/2023
854,Kacy,Stote,kstotenp@plala.or.jp,Female,47.199.130.224,5/13/2023
855,Coletta,Antunez,cantuneznq@oracle.com,Female,234.116.95.247,11/12/2022
856,Pietrek,Harrod,pharrodnr@japanpost.jp,Male,72.205.46.179,12/28/2022
857,Eddie,Rapport,erapportns@4shared.com,Female,133.116.78.152,7/8/2022
858,Tommie,Anersen,tanersennt@cisco.com,Male,171.231.245.23,3/20/2023
859,Kristos,Pennacci,kpennaccinu@auda.org.au,Male,119.173.216.31,11/6/2022
860,Pasquale,Keeley,pkeeleynv@weather.com,Male,6.224.52.198,4/12/2023
861,Roi,De Maria,rdemarianw@stumbleupon.com,Male,89.251.97.183,11/1/2022
862,Bonny,Nowakowski,bnowakowskinx@phoca.cz,Genderfluid,110.17.119.174,10/4/2022
863,Edin,Aldrich,ealdrichny@prnewswire.com,Female,57.159.96.254,9/21/2022
864,Bartlett,Foynes,bfoynesnz@nasa.gov,Male,175.194.221.189,6/22/2022
865,Arney,Thaller,athallero0@cloudflare.com,Male,52.35.38.113,7/9/2022
866,Stephannie,Dieton,sdietono1@amazon.de,Female,44.220.118.202,5/25/2023
867,Niven,Tallet,ntalleto2@moonfruit.com,Male,108.33.133.252,8/28/2022
868,Giselbert,Myers,gmyerso3@nature.com,Male,143.207.47.32,2/2/2023
869,Ursa,Achrameev,uachrameevo4@usnews.com,Female,101.53.177.38,7/22/2022
870,Alexia,Keoghane,akeoghaneo5@cyberchimps.com,Female,65.28.177.150,3/2/2023
871,Sisely,Denyakin,sdenyakino6@amazonaws.com,Female,91.175.236.221,3/25/2023
872,Hermina,Quinton,hquintono7@auda.org.au,Female,229.115.14.243,11/8/2022
873,Jobey,Addionizio,jaddionizioo8@smh.com.au,Female,251.230.7.126,9/10/2022
874,Arley,Silverlock,asilverlocko9@ucoz.ru,Male,213.78.193.32,11/11/2022
875,Sherman,Treadgear,streadgearoa@admin.ch,Male,8.85.156.191,8/28/2022
876,Hagan,Smithin,hsmithinob@slate.com,Male,132.24.217.135,4/1/2023
877,Farra,Cockshott,fcockshottoc@jalbum.net,Female,52.37.18.19,1/24/2023
878,Henry,Beric,hbericod@purevolume.com,Male,22.237.170.214,12/19/2022
879,Ichabod,Counter,icounteroe@usda.gov,Male,115.187.43.204,12/16/2022
880,Jarrod,Tolwood,jtolwoodof@msn.com,Male,61.116.187.27,3/7/2023
881,Cole,Addams,caddamsog@digg.com,Male,88.108.136.236,10/29/2022
882,Avery,Lowten,alowtenoh@google.nl,Male,106.206.250.96,12/1/2022
883,Vickie,McGaugan,vmcgauganoi@redcross.org,Genderqueer,196.91.219.46,3/13/2023
884,Eddy,Starbeck,estarbeckoj@un.org,Male,7.64.87.83,6/27/2022
885,Dorette,Cock,dcockok@google.com.hk,Female,121.165.123.52,11/10/2022
886,Dwight,Canadine,dcanadineol@weibo.com,Male,193.189.48.95,12/25/2022
887,Flemming,O'Lagen,folagenom@wikia.com,Male,87.112.189.107,6/7/2023
888,Dal,Woolmer,dwoolmeron@earthlink.net,Male,226.150.174.133,1/25/2023
889,Jayme,Shyres,jshyresoo@adobe.com,Male,29.48.131.250,5/30/2023
890,Baillie,Greaser,bgreaserop@stumbleupon.com,Male,171.172.26.234,5/13/2023
891,Valerye,Foystone,vfoystoneoq@state.gov,Female,233.178.44.123,7/27/2022
892,Arty,MacKowle,amackowleor@google.co.uk,Male,37.122.52.9,10/21/2022
893,Valentin,Baldacchi,vbaldacchios@ameblo.jp,Male,142.233.133.235,12/27/2022
894,Micki,Chichgar,mchichgarot@opera.com,Female,214.19.19.63,12/11/2022
895,Haywood,Lehr,hlehrou@tumblr.com,Male,144.214.207.57,5/3/2023
896,Garnette,Dingle,gdingleov@amazon.de,Female,112.194.78.2,9/4/2022
897,Catarina,Spicer,cspicerow@geocities.com,Female,77.234.212.121,8/18/2022
898,Jordon,Lafee,jlafeeox@sciencedaily.com,Male,121.184.221.48,12/13/2022
899,Shannon,Gadault,sgadaultoy@ocn.ne.jp,Male,49.125.180.231,3/8/2023
900,Ezmeralda,Scutt,escuttoz@instagram.com,Female,211.240.117.205,6/10/2022
901,Terrel,Becraft,tbecraftp0@ustream.tv,Male,54.159.114.49,4/11/2023
902,Emelyne,Bloxam,ebloxamp1@ftc.gov,Female,173.17.24.96,4/13/2023
903,Iorgos,Lamport,ilamportp2@abc.net.au,Non-binary,198.219.242.227,6/20/2022
904,Gaby,O' Finan,gofinanp3@mysql.com,Female,119.233.180.84,9/5/2022
905,Flss,Seggie,fseggiep4@devhub.com,Female,157.238.4.94,9/12/2022
906,Karl,Cullivan,kcullivanp5@bizjournals.com,Male,243.32.64.54,10/25/2022
907,Aila,Skippon,askipponp6@rediff.com,Female,53.124.217.53,8/21/2022
908,Cherida,Heartfield,cheartfieldp7@chicagotribune.com,Female,252.102.48.242,10/2/2022
909,Humphrey,Shelley,hshelleyp8@wp.com,Male,245.89.134.49,1/4/2023
910,Elmore,Reis,ereisp9@nsw.gov.au,Male,161.191.64.173,3/16/2023
911,Ferd,Twigg,ftwiggpa@nature.com,Male,107.64.109.2,8/14/2022
912,Hector,Howsden,hhowsdenpb@alexa.com,Male,30.109.193.4,8/27/2022
913,Sharona,Canero,scaneropc@wired.com,Female,141.6.131.238,1/16/2023
914,Berny,Brewitt,bbrewittpd@wunderground.com,Female,34.174.219.243,5/29/2023
915,Zane,Cammish,zcammishpe@dagondesign.com,Male,110.144.20.209,1/4/2023
916,Lamar,McWhorter,lmcwhorterpf@cisco.com,Male,169.232.97.86,5/17/2023
917,Florry,Gawen,fgawenpg@ftc.gov,Female,101.77.135.88,5/30/2023
918,Hoyt,Elderton,heldertonph@cisco.com,Male,223.5.176.206,1/15/2023
919,Renard,Mongin,rmonginpi@themeforest.net,Male,192.221.229.8,9/13/2022
920,Ursulina,Rablan,urablanpj@hao123.com,Female,218.205.100.56,7/24/2022
921,Trixy,Hartnup,thartnuppk@qq.com,Female,89.185.167.29,6/22/2022
922,Jammal,Rowbotham,jrowbothampl@wired.com,Male,76.5.116.18,12/1/2022
923,Frants,Voff,fvoffpm@gov.uk,Agender,191.163.77.164,1/5/2023
924,Kizzie,Naldrett,knaldrettpn@w3.org,Female,98.247.177.76,12/20/2022
925,Skipper,Kermit,skermitpo@liveinternet.ru,Male,157.170.101.236,10/16/2022
926,Hartley,Keirl,hkeirlpp@ucoz.com,Male,203.6.69.223,9/29/2022
927,Daryl,Sauvan,dsauvanpq@oakley.com,Male,13.53.58.244,2/4/2023
928,Georgeanne,Pieracci,gpieraccipr@apple.com,Female,63.208.187.63,8/5/2022
929,Page,Warbeys,pwarbeysps@youku.com,Female,138.170.98.236,11/23/2022
930,Reed,Hempshall,rhempshallpt@so-net.ne.jp,Male,38.28.229.194,12/19/2022
931,Aharon,Pitone,apitonepu@i2i.jp,Male,241.236.202.16,5/11/2023
932,Amata,McCuaig,amccuaigpv@uiuc.edu,Female,49.206.87.184,7/18/2022
933,Karoline,Lyffe,klyffepw@chicagotribune.com,Female,154.27.220.32,5/27/2023
934,Garrard,Andreas,gandreaspx@tamu.edu,Male,252.138.80.71,7/14/2022
935,Ginger,Doyle,gdoylepy@so-net.ne.jp,Male,118.216.159.188,10/9/2022
936,Alexandros,Kilgrove,akilgrovepz@4shared.com,Male,119.120.52.174,4/1/2023
937,Chere,Nangle,cnangleq0@mapy.cz,Female,221.51.45.92,6/28/2022
938,Kariotta,Barnwill,kbarnwillq1@businessweek.com,Female,160.8.132.92,4/10/2023
939,Ode,Doag,odoagq2@bandcamp.com,Male,153.7.173.222,4/23/2023
940,Alain,Mote,amoteq3@cdbaby.com,Male,179.11.169.69,7/13/2022
941,Patsy,Leggen,pleggenq4@mysql.com,Polygender,170.32.32.23,10/17/2022
942,Hazlett,Smogur,hsmogurq5@cdc.gov,Male,20.146.175.173,10/26/2022
943,Debby,Redbourn,dredbournq6@mediafire.com,Female,142.53.10.203,3/26/2023
944,Ralf,Hadwen,rhadwenq7@sfgate.com,Male,172.163.213.109,1/11/2023
945,Margarethe,Brackpool,mbrackpoolq8@walmart.com,Female,20.153.102.49,2/21/2023
946,Alfonse,Kamen,akamenq9@dyndns.org,Male,224.63.188.129,11/29/2022
947,Netty,Temlett,ntemlettqa@mapy.cz,Female,84.181.53.249,9/6/2022
948,Timoteo,Baynon,tbaynonqb@dmoz.org,Male,23.232.144.24,7/14/2022
949,Maximilianus,Bellward,mbellwardqc@samsung.com,Male,184.212.185.209,4/26/2023
950,Birch,Finnan,bfinnanqd@alexa.com,Male,141.83.108.202,10/10/2022
951,Robinetta,Eglaise,reglaiseqe@stanford.edu,Female,173.22.38.148,5/26/2023
952,Rochester,Capper,rcapperqf@auda.org.au,Male,171.117.133.181,1/19/2023
953,Tim,Tongue,ttongueqg@state.gov,Genderfluid,193.247.32.92,12/7/2022
954,Jase,Reddish,jreddishqh@slate.com,Male,193.167.56.177,5/2/2023
955,Kaja,Brigman,kbrigmanqi@youtu.be,Female,204.5.174.30,9/11/2022
956,Julie,Voice,jvoiceqj@creativecommons.org,Male,222.63.186.57,6/21/2022
957,Floyd,Lupson,flupsonqk@eventbrite.com,Male,186.14.114.224,4/17/2023
958,Brandon,Tidmas,btidmasql@usatoday.com,Agender,188.51.244.253,12/2/2022
959,Berty,Santus,bsantusqm@cmu.edu,Female,239.91.131.150,11/25/2022
960,Celestina,Asher,casherqn@blogspot.com,Agender,100.224.130.99,3/26/2023
961,Hilliard,Massimo,hmassimoqo@msn.com,Male,102.101.62.106,5/11/2023
962,Hillie,Barley,hbarleyqp@google.de,Male,80.215.36.241,12/18/2022
963,Damita,Hansley,dhansleyqq@geocities.jp,Agender,18.224.41.149,8/19/2022
964,Edd,Drought,edroughtqr@earthlink.net,Male,95.90.151.168,9/10/2022
965,Whit,Fairn,wfairnqs@phoca.cz,Genderfluid,168.232.138.232,3/5/2023
966,Auria,Troillet,atroilletqt@nationalgeographic.com,Female,161.60.111.159,3/26/2023
967,Francois,Rzehor,frzehorqu@miibeian.gov.cn,Male,171.52.100.154,4/24/2023
968,Darelle,Nixon,dnixonqv@youku.com,Female,20.78.223.106,7/13/2022
969,Georas,Driscoll,gdriscollqw@nydailynews.com,Male,64.112.225.12,12/2/2022
970,Meier,McAllan,mmcallanqx@friendfeed.com,Male,209.255.89.220,11/17/2022
971,Charlene,Kirkland,ckirklandqy@house.gov,Female,35.170.255.34,12/5/2022
972,Kelbee,Lavielle,klavielleqz@sbwire.com,Male,17.163.210.96,7/13/2022
973,Iggie,Dallas,idallasr0@github.io,Male,211.151.218.208,11/20/2022
974,Tadeo,Gillyatt,tgillyattr1@shop-pro.jp,Male,9.154.108.127,5/12/2023
975,Hunfredo,Serjent,hserjentr2@edublogs.org,Male,186.5.198.138,9/23/2022
976,Garry,Monkhouse,gmonkhouser3@zdnet.com,Male,156.32.38.0,2/21/2023
977,Muffin,Castelijn,mcastelijnr4@unblog.fr,Female,114.81.112.223,9/29/2022
978,Sissie,Buterton,sbutertonr5@csmonitor.com,Female,183.42.115.69,8/14/2022
979,Rancell,Deinhard,rdeinhardr6@alexa.com,Male,219.64.193.115,7/9/2022
980,Bart,Cruickshanks,bcruickshanksr7@microsoft.com,Male,0.94.83.19,10/23/2022
981,Lavina,Browse,lbrowser8@unesco.org,Female,215.50.30.35,5/8/2023
982,Ardyce,Minguet,aminguetr9@thetimes.co.uk,Female,19.107.249.211,2/2/2023
983,Billye,Matejka,bmatejkara@furl.net,Female,190.245.195.187,2/17/2023
984,Josie,Lillegard,jlillegardrb@mit.edu,Female,195.224.96.212,5/9/2023
985,Bradford,Artois,bartoisrc@dailymail.co.uk,Male,231.130.16.185,8/23/2022
986,Kenn,Deville,kdevillerd@latimes.com,Non-binary,7.161.187.10,12/25/2022
987,Gregory,Didsbury,gdidsburyre@lulu.com,Male,232.246.16.198,5/26/2023
988,Jerri,Nisbet,jnisbetrf@wsj.com,Male,147.153.39.116,10/14/2022
989,Gard,Danilchik,gdanilchikrg@amazon.com,Male,6.35.241.115,12/2/2022
990,Seline,Grewe,sgrewerh@dedecms.com,Female,99.127.230.240,3/14/2023
991,Gaye,Lamartine,glamartineri@comsenz.com,Agender,204.117.101.252,6/16/2022
992,Alaster,Eplett,aeplettrj@exblog.jp,Male,191.46.113.167,7/7/2022
993,Christoforo,Gritland,cgritlandrk@squarespace.com,Male,225.201.255.1,7/1/2022
994,Trish,Goalley,tgoalleyrl@tumblr.com,Female,223.182.165.202,1/3/2023
995,Virginia,Tumulty,vtumultyrm@ca.gov,Female,33.124.244.113,11/10/2022
996,Ave,Ridel,aridelrn@yale.edu,Male,145.56.73.232,2/3/2023
997,Costanza,Iglesias,ciglesiasro@sohu.com,Polygender,95.181.118.221,7/11/2022
998,Gayle,Maving,gmavingrp@google.com.hk,Female,77.124.217.131,7/1/2022
999,Marv,Cashin,mcashinrq@phpbb.com,Male,106.24.246.79,3/8/2023
1000,Pia,Minghetti,pminghettirr@umich.edu,Female,254.180.178.100,4/30/2023
